"	EVENT
"Boku Doraemon deshita"	WORK_OF_ART
"Chinese Culture Festival"	EVENT
"Comet Neowise"	WORK_OF_ART
"Human Acts	WORK_OF_ART
"Inclusive China, Win-Win Cooperation"	EVENT
"Interconnection of Times and Civilizations - the Basis of Peace and Development	EVENT
"Squid Game"	WORK_OF_ART
"Wild Mother"	PERSON
$3 bln euros	MONEY
$8.8 bln	MONEY
£100m	MONEY
£200 million	MONEY
' Champions League '	WORK_OF_ART
-1.1%	PERCENT
0.1 percentage points	PERCENT
0.12%	PERCENT
0.16%	PERCENT
0.2	CARDINAL
0.2 p.p.	PERCENT
0.2%	PERCENT
0.24 percent	PERCENT
0.26%)	PERCENT
0.3 p.p.	PERCENT
0.4	CARDINAL
0.4	PERCENT
0.46%	PERCENT
0.57 percent	PERCENT
0.6	CARDINAL
0.6%	PERCENT
0.7	CARDINAL
0.7 p.p.	PERCENT
0.8 p.p.	PERCENT
0.8 percentage points	PERCENT
0.9	CARDINAL
00:35 GMT	TIME
03:00 BST	TIME
0800 313 4630	CARDINAL
1	CARDINAL
1 October	DATE
1 billion cubic meters	QUANTITY
1 million	MONEY
1 p.p.	PERCENT
1,000	CARDINAL
1,000-goal	CARDINAL
1,000ft	QUANTITY
1,470	CARDINAL
1,600	CARDINAL
1-0	CARDINAL
1-5	CARDINAL
1.22%	PERCENT
1.3 billion-plus	CARDINAL
1.45 bln	MONEY
1.5	CARDINAL
1.5 km	QUANTITY
1.5 million bags	QUANTITY
1.7%	PERCENT
1.9	CARDINAL
10	CARDINAL
10	DATE
10 Downing Street	FAC
10 minutes	TIME
10 years ago	DATE
10%	PERCENT
10-20%	PERCENT
10-member	CARDINAL
100	CARDINAL
100 years ago	DATE
100%	PERCENT
100-mile	QUANTITY
100mph	CARDINAL
104	CARDINAL
104,880	MONEY
109	CARDINAL
10:00 a.m.	TIME
10:15 a.m.	TIME
10th	ORDINAL
10th anniversary	DATE
11	CARDINAL
11 million Swedish kronor	MONEY
11-member	CARDINAL
11-year	DATE
11.8%	PERCENT
113mph	QUANTITY
115	CARDINAL
116th	ORDINAL
117	CARDINAL
12	CARDINAL
12	DATE
12 months	DATE
12 months or less	DATE
12 tonnes	QUANTITY
12 years	DATE
12-month	DATE
121	CARDINAL
122 mm	QUANTITY
123	CARDINAL
124mph	CARDINAL
125	CARDINAL
128	CARDINAL
12:45 and	TIME
12bn	MONEY
13	CARDINAL
13%	PERCENT
13-year-old	DATE
13.1%	PERCENT
13.437 rubles	MONEY
13.475 rubles	MONEY
13.51 rubles	MONEY
133	CARDINAL
13th	ORDINAL
14	CARDINAL
14	ORG
14 October	DATE
14,430	CARDINAL
14-year-old	DATE
140	CARDINAL
141 bln rubles	MONEY
144	CARDINAL
148 yen	MONEY
14th	ORDINAL
15	CARDINAL
15 days	DATE
15%	PERCENT
15,000	MONEY
15,988	CARDINAL
15.2 trillion rubles	MONEY
150	CARDINAL
150 hours	TIME
150,000	CARDINAL
151	CARDINAL
152-6	CARDINAL
153	CARDINAL
155mm	QUANTITY
158.2 bln	MONEY
16	CARDINAL
16 years	DATE
16%	PERCENT
16-year-old	DATE
160 million	CARDINAL
162	CARDINAL
166	CARDINAL
16th	ORDINAL
17	CARDINAL
17	DATE
17%	PERCENT
17-month	DATE
17.5 billion rubles	MONEY
170,000	CARDINAL
176,000	CARDINAL
17:45	TIME
17th	ORDINAL
18	CARDINAL
18	DATE
18 years of age	DATE
18,607	CARDINAL
18-month	DATE
180	CARDINAL
180 million	MONEY
181	CARDINAL
182 km/h	QUANTITY
188	CARDINAL
189	CARDINAL
1890s	DATE
1891	DATE
1894	DATE
18in	QUANTITY
18th	ORDINAL
19	CARDINAL
19	DATE
19-16	CARDINAL
19.2%	PERCENT
1901	DATE
1910	DATE
1922	DATE
1922 October 11, 2024	DATE
1933	DATE
1938	DATE
1945	DATE
1954	DATE
1956	DATE
197	CARDINAL
197.21 tons	QUANTITY
1972	DATE
1974	DATE
1975	DATE
1976	DATE
1977	DATE
1979 to 2005	DATE
1980	DATE
1985	DATE
1986	DATE
1990	DATE
1991	DATE
1993	DATE
1999	DATE
19:00 BST	TIME
19th	ORDINAL
19th Century	DATE
1m	MONEY
2	CARDINAL
2 May.	DATE
2 November	DATE
2%	PERCENT
2,000	CARDINAL
2,000-strong	CARDINAL
2,700-2,800	CARDINAL
2,706.20	CARDINAL
2,725 - 2,825	CARDINAL
2,754.3	CARDINAL
2,758.11	CARDINAL
2,761.54	CARDINAL
2,920	CARDINAL
2-0	CARDINAL
2-1	CARDINAL
2.3%	PERCENT
2.4%	PERCENT
2.5	CARDINAL
2.6%	PERCENT
2.7%	PERCENT
20	CARDINAL
20	DATE
20 Dollar Nose Bleed	WORK_OF_ART
20 June	DATE
20 cm	QUANTITY
20 days	DATE
20 minutes	TIME
20%	PERCENT
200 tonnes	QUANTITY
2001	DATE
2003	DATE
2005	DATE
2005-2010	DATE
2006	DATE
2007	DATE
2008	DATE
200km/h	QUANTITY
2010	DATE
2011	DATE
2012	DATE
2013	DATE
2014	DATE
2015	DATE
2016	DATE
2017	DATE
2018	DATE
2019	DATE
2020	DATE
2021	DATE
2022	DATE
2022-2023	DATE
2023	DATE
2023	LOC
2023 year-end	DATE
2024	DATE
2024-2025	DATE
2024-2026	DATE
2025	DATE
2025-2027	DATE
2026	DATE
2027	DATE
2028	DATE
2030	DATE
20th	ORDINAL
21	CARDINAL
21	DATE
21 April	DATE
21,000 tons	QUANTITY
21,900	CARDINAL
21st	ORDINAL
22	CARDINAL
22	DATE
22,000	MONEY
22.7 billion cubic meters	QUANTITY
220	CARDINAL
221,000 tons	QUANTITY
224.91	CARDINAL
225-issue	CARDINAL
22bn	MONEY
23	CARDINAL
23 hours	TIME
23,000	MONEY
231	CARDINAL
24-hour	TIME
24bn	MONEY
25	CARDINAL
25%	PERCENT
250	CARDINAL
26	CARDINAL
26.2%	PERCENT
262	CARDINAL
263,400	CARDINAL
268,275	MONEY
26th	ORDINAL
27	CARDINAL
27	DATE
27,145	CARDINAL
27-year-old	DATE
27th	ORDINAL
28 June	DATE
28-year-old	DATE
283	CARDINAL
286	CARDINAL
29	CARDINAL
29 years	DATE
3	CARDINAL
3 mln	MONEY
3%	PERCENT
3,368 GWh	QUANTITY
3,370	CARDINAL
3-0	CARDINAL
3-hour	TIME
3-year	DATE
3.25%	PERCENT
3.5	CARDINAL
3.5 million rubles	MONEY
3.6 kopecks	MONEY
3.8%	PERCENT
30 October	DATE
30 billion cubic meters	QUANTITY
30 miles	QUANTITY
30%	PERCENT
30,000	MONEY
30-meter-high	QUANTITY
300	CARDINAL
300 mln rubles	MONEY
300th	ORDINAL
305m	QUANTITY
31	CARDINAL
31,000	CARDINAL
312,500	CARDINAL
317	CARDINAL
32	CARDINAL
33	CARDINAL
33 days	DATE
33,419	CARDINAL
33-year-old	DATE
34	CARDINAL
34 years	DATE
34.2%	PERCENT
35	CARDINAL
35 billion dollars	MONEY
35 minutes	TIME
35.8%	PERCENT
36	CARDINAL
36,000	CARDINAL
36.7%	PERCENT
36th	ORDINAL
37	CARDINAL
38	CARDINAL
38	DATE
38 billion cubic meters	QUANTITY
39	CARDINAL
39	DATE
39,605.80	CARDINAL
4	CARDINAL
4 December	DATE
4 p.m.	TIME
4%	PERCENT
4,500 km	QUANTITY
4,790	CARDINAL
4-30	CARDINAL
4-year	DATE
4.4%	PERCENT
40	CARDINAL
40 hours	TIME
40 million yuan	MONEY
40%	PERCENT
40-50 years ago	DATE
400 km	QUANTITY
41	CARDINAL
41 days	DATE
42,126	CARDINAL
42nd	CARDINAL
42nd	ORDINAL
43	CARDINAL
43	DATE
43-year-old	DATE
43.8%)	PERCENT
435 million	MONEY
43rd	ORDINAL
44	DATE
45	CARDINAL
45 centimeters	QUANTITY
45%	PERCENT
45%)	PERCENT
45-12	CARDINAL
454-run	CARDINAL
45cm	QUANTITY
46	CARDINAL
46 days	DATE
46%	PERCENT
47	CARDINAL
47%	PERCENT
48	CARDINAL
48 billion cubic meters	QUANTITY
48%	PERCENT
480	CARDINAL
48km	QUANTITY
48th	ORDINAL
49	CARDINAL
49%	PERCENT
49-year-old	DATE
5	CARDINAL
5 July	DATE
5,000	CARDINAL
5.3 billion rubles	MONEY
5.3 bln rubles	MONEY
50	CARDINAL
50 kilometers	QUANTITY
50 years	DATE
50%	PERCENT
50-year-old	DATE
500	CARDINAL
500ft	QUANTITY
50m	MONEY
50th	ORDINAL
51	CARDINAL
51.7%	PERCENT
52	CARDINAL
52 bln	MONEY
520 million euros	MONEY
53	CARDINAL
53	DATE
53 bln rubles	MONEY
53,859 GWh	QUANTITY
53-year-old	DATE
54-year-old	DATE
54.5 mln	MONEY
55	CARDINAL
550	CARDINAL
551.2 mln	MONEY
556	CARDINAL
56,302 GWh	QUANTITY
56,490 GWh	QUANTITY
57	CARDINAL
57%)	PERCENT
574	CARDINAL
58	CARDINAL
58%	PERCENT
58%)	PERCENT
582	CARDINAL
59,900	CARDINAL
594	CARDINAL
598	CARDINAL
5m	MONEY
6 August 1945	DATE
6 December	DATE
6 May	DATE
6 million rubles	MONEY
6 p.m	TIME
6 p.m.	TIME
6,700	CARDINAL
6.47	CARDINAL
6.5%	PERCENT
60	DATE
60	QUANTITY
60 to 70 degrees north	QUANTITY
60 tonnes	QUANTITY
60.3%	PERCENT
600m	CARDINAL
603	CARDINAL
63	CARDINAL
64	CARDINAL
646	CARDINAL
65	CARDINAL
65%	PERCENT
66	CARDINAL
68-year-old	DATE
69	CARDINAL
7.3 kopecks	MONEY
7.9%	PERCENT
70 days	DATE
70,000	CARDINAL
72	DATE
72,690 GWh	QUANTITY
73rd	ORDINAL
74.4%	PERCENT
75 or older	DATE
75th	ORDINAL
765,800	MONEY
76th	ORDINAL
77th	ORDINAL
78%	PERCENT
780	CARDINAL
79%	PERCENT
8 June 1924	DATE
8 billion	CARDINAL
8%	PERCENT
80	CARDINAL
80	MONEY
80 hours	TIME
80,000 years ago	DATE
82-year-old	DATE
823-7	CARDINAL
84	DATE
887	CARDINAL
88th	ORDINAL
89	CARDINAL
89%	PERCENT
892.3	CARDINAL
893.53	CARDINAL
894.64	CARDINAL
897	CARDINAL
8th	ORDINAL
9	CARDINAL
9 October	DATE
90	DATE
90%	PERCENT
90-minute	TIME
900,000 tons	QUANTITY
903	CARDINAL
90mph	QUANTITY
92	CARDINAL
93%	PERCENT
94	DATE
96	CARDINAL
98	CARDINAL
98,117	CARDINAL
99	DATE
99.6%	PERCENT
9:00 am on February 3	TIME
A Global Development Project Pool	ORG
A Global Development Promotion Center	ORG
A Just Russia-For Truth	ORG
A couple of years ago	DATE
Â£1m	MONEY
Â£750,000	MONEY
A.C.	PERSON
A3	FAC
AFP	ORG
AG600	PRODUCT
AG600M	PRODUCT
AJ Bell	ORG
AMAN	EVENT
AMAN (Peace)-23	EVENT
AMAN-23	EVENT
AMX-10	PRODUCT
AP	ORG
APT	ORG
ASEAN	ORG
ASEAN - TASS	ORG
ASEAN+3	ORG
ASEAN-centric	ORG
ASHGABAD	GPE
ASHGABAT	GPE
ASHKHABAD	GPE
ASTANA	GPE
ATACMS	PRODUCT
ATLAS	PRODUCT
AU	ORG
AU) Summit	EVENT
AVIC	ORG
Aamer Jamal	PERSON
Abby Dow	PERSON
Abdullah	PERSON
Abdullah Shafique	PERSON
Abeid	PERSON
Abeidâ	PERSON
Abrar	PERSON
Abrar Ahmed	PERSON
Abu Ali al-Askari	PERSON
Abu Dhabi	GPE
Academy Awards	WORK_OF_ART
Adam	PERSON
Adam Fox	PERSON
Adrian Hanrahan	PERSON
Aeroflot	ORG
AfD	ORG
Afghan	NORP
Afghanistan	GPE
Africa	LOC
African	NORP
African Union	EVENT
Agro Food Ltd	ORG
Air Force	ORG
Airshow China	EVENT
Aitchison	PERSON
Akhmat Special Forces	ORG
Al Fayed	PERSON
Al Fayed, Predator at Harrods	WORK_OF_ART
Al Fayed’s	PERSON
Al Hadath	ORG
Al Hadath	PERSON
Al Mayadeen	ORG
Al Mayadeen	PERSON
Al-Fayed: Predator at Harrods	WORK_OF_ART
Al-Nweiri	GPE
Alaudinov	PERSON
Albanian-speaking	LANGUAGE
Aldcroft	PERSON
Alexander Konkov	PERSON
Alexander Korolev	PERSON
Alexander Litvinenko	PERSON
Alexander Novak	PERSON
Alexander Petrov	PERSON
Alexander Shepelev	PERSON
Alexey Miller	PERSON
Alexey Nechayev	PERSON
Alexey Overchuk	PERSON
Alfred Nobel	PERSON
Algeria	GPE
Ali Shihabi	PERSON
Alimentation Couche-Tard	ORG
All Quiet on the Western Front	WORK_OF_ART
Alliance	ORG
Alliance for the Reunification of China	ORG
Allianz Stadium	FAC
Allied	ORG
Allies	NORP
Alloa	GPE
Alloa Town Hall	FAC
Alma's Not Normal	WORK_OF_ART
Alonso-Mossinger	PERSON
Alparslan Bayraktar	PERSON
Alphabet-owned	ORG
Alternative for Germany	ORG
Amber Thurman	PERSON
Amelie	PERSON
America	EVENT
American	NORP
Americast	ORG
Anadyr	PRODUCT
Anderson	PERSON
Andrei	PERSON
Andrei Belousov	PERSON
Andrei Efimkin	PERSON
Andrew Comyn "Sandy" Irvine	PERSON
Andrey Belousov	PERSON
Andrey Marochko	PERSON
Andrey Yermak	PERSON
Andriy Yusov	PERSON
Android	PRODUCT
Andy Farrell	PERSON
Angel Rescue	EVENT
Anna Jacobs	PERSON
Anna Leach	PERSON
Annalena Baerbock	PERSON
Another 3%	PERCENT
Ansar Allah	ORG
Anthony	PERSON
Anthony Albanese	PERSON
Anthony Gordon	PERSON
Anthony Taylor	PERSON
Anthony Zurcher	PERSON
Anton Siluanov	PERSON
Antonio Guterres	PERSON
Antony Blinken	PERSON
Anwar Ibrahim	PERSON
Apollo Go	PRODUCT
Apps	PERSON
April	DATE
April last year	DATE
Apty Alaudinov	PERSON
Arab	NORP
Arctic	LOC
Argentina	GPE
Argentinian	NORP
Ariana Grande	PERSON
Arif Alvi	PERSON
Armenia	GPE
Army	ORG
Arnest	ORG
Aroldo LÃ¡zaro SÃ¡enz	PERSON
Arsenal	ORG
Artyomovsk	GPE
As many as 60	CARDINAL
As much as 18 inches	QUANTITY
Asahi	ORG
Asheville	GPE
Ashgabad	GPE
Ashgabat	GPE
Ashley Young's	PERSON
Asia	LOC
Asia Pacific	LOC
Asia-Pacific	LOC
Asian	NORP
Asif Ali Zardari	PERSON
Association of Southeast Asian Nations	ORG
At least 116	CARDINAL
At least 16	CARDINAL
At least 61	CARDINAL
At least nine	CARDINAL
Athens	GPE
Atkin-Davies	PERSON
Attwell	PERSON
Auchan	ORG
Aug. 6, 1945	DATE
August	DATE
August 16	DATE
August 2021	DATE
August 2022	DATE
August 2023	DATE
August 2024	DATE
August 30	DATE
August 6	DATE
August in 2022	DATE
Aurus	PRODUCT
Australia	GPE
Australian	NORP
Avdeyevka	GPE
Ayatollah Ali Khamenei	PERSON
B-52	PRODUCT
BBC	ORG
BBC Eye	ORG
BBC News	ORG
BBC Newsbeat	ORG
BBC Newsnight	ORG
BBC Radio 4's	ORG
BBC Radio 4’s	ORG
BBC Scotland News	ORG
BBC Shropshire	ORG
BBC Sounds	ORG
BBC Sounds: Salisbury Poisonings	WORK_OF_ART
BBC Sport	ORG
BBC Verify	ORG
BBC Weather	ORG
BBC Weather Watchers'	ORG
BBC Wiltshire	ORG
BBC World Service	ORG
BBC iPlayer	ORG
BBCâ	ORG
BC Place	FAC
BCS Investment World	ORG
BEIJING	GPE
BEIRUT	GPE
BELGOROD	GPE
BERLIN	GPE
BLACKPINK	ORG
BRI	ORG
BRIC	ORG
BRICS	ORG
BRICS+ Analytics	ORG
BRUSSELS	GPE
BTS	ORG
Baby Loss Awareness Week	EVENT
Baerbock	PERSON
Bahamas	GPE
Baidu	ORG
Bakhmut	GPE
Baldock	PERSON
Ban Ki-moon	PERSON
Bangladeshâ	GPE
Banksy	PERSON
Baroness May	PERSON
Bashar	PERSON
Bashar al-Assad	PERSON
Bath	GPE
Battlegroup Center	FAC
Battlegroup Center	ORG
Battlegroup Dnepr	EVENT
Battlegroup Dnepr	PRODUCT
Battlegroup East	ORG
Battlegroup North	EVENT
Battlegroup North	ORG
Battlegroup South	ORG
Battlegroup West	ORG
Battlegroup West	PRODUCT
Becatoros	PERSON
Beckett	PERSON
Becky Hill	PERSON
Becky Williams	PERSON
Beijing	GPE
Beirut	GPE
Belarus	GPE
Belfast	GPE
Belgium	GPE
Belgorod	GPE
Belgorod Region	GPE
Bellingham	PERSON
Belousov	PERSON
Belt and Road Initiative	ORG
Ben Fell	PERSON
Ben Jones	PERSON
Ben Stokes	PERSON
Ben White	PERSON
Berdimuhamedov	PERSON
Berger	PERSON
Berlin	GPE
Bermudez	PERSON
Bern	GPE
Bern	PERSON
Between 2005 and 2010	DATE
Beukeboom	PERSON
Bian Long	PERSON
Biden	PERSON
Bikini Atoll	LOC
Bilge Ebiri	PERSON
Billie Eilish	PERSON
Bimini	ORG
Black Sea	LOC
Blades	PERSON
Blaenau Gwent	GPE
Blair Kinghorn	PERSON
Blink-182	ORG
Blinken	PERSON
Board of Directors	ORG
Bondarevka	GPE
Bong Joon-ho	PERSON
Border Force	ORG
Boris Johnson	PERSON
Boris Yegorov	PERSON
Borisovsky	GPE
Botterman	PERSON
Bournemouth	GPE
Bowman	PERSON
Bradley	PRODUCT
Bratsk	GPE
Brazil	GPE
Breach	PERSON
Brendon	PERSON
Brendon Urie	PERSON
Brent	PRODUCT
Bristol	GPE
Britain	GPE
British	NORP
British-born	NORP
Brook	PERSON
Brooky	PERSON
Brunei	GPE
Bruno	PERSON
Bruno Helluy	PERSON
Bruno Kuci	PERSON
Bruno Mars	PERSON
Brussels	GPE
Brydon Carse	PERSON
Bucha	GPE
Budapest’	GPE
Budget	EVENT
Budget	LAW
Budget	ORG
Buisa	PERSON
Bukayo Saka	PERSON
Bulgarian	NORP
Bundestag	ORG
Burbank	GPE
Burgenstock	GPE
CASC	ORG
CBI	ORG
CCG	ORG
CDS	ORG
CIA	ORG
CIS	ORG
CMC	ORG
CMG	ORG
CMSA	ORG
CNPC	ORG
COVID-19	EVENT
CPC	ORG
CPC National Congress	EVENT
CPC) Central Committee	ORG
CPPCC	ORG
CPRF	ORG
CSMTC	ORG
Cabinet	ORG
Caesar	ORG
Cai Qi	PERSON
Caldwell	PERSON
California	GPE
Californian	NORP
Callum Hudson-Odoi	PERSON
Cambodia	GPE
Cambodian	NORP
Canada	GPE
Canadian	NORP
Cape Town	GPE
Capitol	FAC
Carseâ	PERSON
Carsley	PERSON
Carsleyâ	PERSON
Carson	PERSON
Castor	PERSON
Center	FAC
Center	ORG
Center of Advanced Unmanned Technologies	FAC
Central Asia	LOC
Central Committee	ORG
Central European	NORP
Chamber of Commerce and Industry	ORG
Change Associates	ORG
Charli	PERSON
Charli XCX's	PERSON
Charlie	PERSON
Charlie Rowley	PERSON
Chase & Status	WORK_OF_ART
Chelsea	ORG
Chelyabinsk	GPE
Chen Qian	PERSON
Chenâ	PERSON
Cherepovets	GPE
Cherkasskoye Porechnoye	GPE
Chernigov	GPE
Cheshire West	ORG
Chester Council	ORG
Chicago	GPE
Chin	PERSON
China	GPE
China Aerospace Science and Technology Corporation	ORG
China Coast Guard	ORG
China Media Group	ORG
China Satellite Maritime Tracking and Control Department	ORG
China-Africa	GPE
China-Pakistan	GPE
China-based	GPE
China-foreign	NORP
Chinaâ	GPE
Chinedu Nwokoro	PERSON
Chinese	LANGUAGE
Chinese	NORP
Chinese New Year	EVENT
Chinese Peacekeeping Level-II Hospital	FAC
Chinese Peacekeeping Level-II Hospital	ORG
Chinese People's Liberation Army	ORG
Chinese Spring Festival	EVENT
Chinese-invented	NORP
Chinese-invested	NORP
Chita	GPE
Chok Bahadur Dhkal	PERSON
Chris	PERSON
Chris Newman	PERSON
Chris Woakes	PERSON
Christina Baum	PERSON
Christmas Day	DATE
Christopher Scrivens	PERSON
Chugoku	GPE
Chung-guyok	GPE
Clackmannanshire	GPE
Clara Amfo	PERSON
Claveria	PERSON
Claverley	GPE
Clean Air	ORG
Cleverly	PERSON
Cline	PERSON
Clinton	PERSON
Cokayne	PERSON
Cold War	EVENT
Cole Palmer	PERSON
Coleman	PERSON
Coles	PERSON
Colombia	GPE
Colorado	GPE
Comet Tsuchinshan-ATLAS	LOC
Communist Party of the Russian Federation	ORG
Conclave	EVENT
Conclave	WORK_OF_ART
Congress	ORG
Conservative	NORP
Conservative Party	ORG
Corder	PERSON
Cork Beekeepers	ORG
Cormac	PERSON
Cornell University	ORG
Corrigan	PERSON
Cory Roe	PERSON
Council	ORG
County Down	GPE
Craig Snell	PERSON
Crazy What Love Can Do	WORK_OF_ART
Crime Next Door: Salisbury Poisonings	WORK_OF_ART
Cripple Creek	GPE
CrossFit	ORG
Crossgar	GPE
Crown	ORG
Croxley Green	GPE
Cruise	ORG
Crystal	ORG
Crystal	PERSON
Crystal Coleman	PERSON
Csaba Korosi	PERSON
Cuba	GPE
Cybercab	PRODUCT
Cyberisle	EVENT
Czech-made	NORP
DJIBOUTI	GPE
DONETSK	GPE
DPP	ORG
DRC	GPE
DUSHANBE	GPE
Daghighi	PERSON
Daily Mail	ORG
Dan	PERSON
Dan Ives	PERSON
Dan O'Brien's	PERSON
Dancing on Ice	WORK_OF_ART
Daniel Jones	PERSON
Daniel Kritenbrink	PERSON
Danny Danon	PERSON
Danon	PERSON
Danone	ORG
Danzeng Chilie	PERSON
Darya Zarovnaya	PERSON
Daryino	GPE
David Attenborough	PERSON
David Gauke	PERSON
David Guetta	PERSON
Dawn Sturgess	PERSON
Dawn Sturgess'	PERSON
De Jong	PERSON
DeSantis	PERSON
Deborah Smith	PERSON
Debra Humphris CBE	PERSON
December	DATE
December 18, 2023	DATE
December 2020	DATE
December 2022	DATE
December 2023	DATE
December 2024	DATE
Declan Rice	PERSON
DeepState	ORG
Defence	ORG
Defence Ministry	ORG
Defense	ORG
Defense Ministry	ORG
Defra	ORG
Deir al-Balah	GPE
Dem	NORP
Demi Lovato	PERSON
Democratic	NORP
Democratic Progressive Party	ORG
Democrats	NORP
Deng	PERSON
Deng Boqing	PERSON
Deng Qingming	PERSON
Denis Denisov	PERSON
Denmark	GPE
Department of Health and Social Care	ORG
Derry	GPE
Devin Pepper	PERSON
Devon County Council	ORG
Die with a Smile	WORK_OF_ART
Diko	ORG
Diko	PERSON
Dilma Rousseff	PERSON
Ding Xuexiang	PERSON
Disco	FAC
Discord	ORG
Discord	PRODUCT
Disney	ORG
Disney-themed	WORK_OF_ART
Djibouti	GPE
Djiboutiâ	GPE
Dmitry Peskov	PERSON
Dmitry Sviridov	PERSON
Dmytro Lubinets	PERSON
Dobroye	GPE
Dominic Grieve	PERSON
Dominic Solanke	PERSON
Donald	PERSON
Donald Trump	PERSON
Donald Trump’s	PERSON
Donbas	LOC
Donbass	GPE
Donetsk	GPE
Doraemon	PERSON
Doraemon	WORK_OF_ART
Dorset	GPE
Dover	GPE
Downing Street	FAC
Downing Street	ORG
Dozor	FAC
Drake	PERSON
Drama	WORK_OF_ART
Durban	GPE
Durga Puja	EVENT
Dushanbe	GPE
EAEU	ORG
EAS	EVENT
EAS	ORG
ECHR	ORG
EU	ORG
Earlier Friday	TIME
Earlier this year	DATE
Earth	LOC
East	FAC
East	LOC
East Asia	LOC
East Asia Poverty Reduction Demonstration Cooperation Technical Assistance Projects	ORG
East Asia Summit	EVENT
East Asian	NORP
East Japan Railway Co.	ORG
Ebbw Vale	GPE
Ebbw Vale	LOC
Ebeja	PERSON
Ecology	ORG
Edmonton	GPE
Edmund Hillary	PERSON
Edmunds	ORG
Edward Berger	PERSON
Edwards	PERSON
Edwards'	PERSON
Efimkin	PERSON
Egypt	GPE
Eisaku Sato	PERSON
Elaine	PERSON
Elaine Fraser	PERSON
Electric Touch	WORK_OF_ART
Eleven	CARDINAL
Elizabeth Taylor	PERSON
Ella	PERSON
Ella Henderson	PERSON
Ellie Kildunne	PERSON
Ellis	PERSON
Elon Musk	PERSON
Elysee Palace	FAC
Emma	PERSON
Emma Sloan	PERSON
Emmanuel Macron	PERSON
Employment Rights Bill	LAW
Enagas	ORG
England	GPE
Englandâ	GPE
English	LANGUAGE
Entertainment Weekly's	ORG
EpiPen	PRODUCT
EpiPens	PRODUCT
Erdogan	PERSON
Erik Muci	PERSON
Esmail Qaani	PERSON
Estelita Dy	PERSON
Ethiopia	GPE
Eurasia	LOC
Eurasian	NORP
Eurasian-centric	NORP
Euro 2024	EVENT
EuroChem	ORG
Europe	LOC
European	NORP
Everest	LOC
Everton	ORG
Evin	FAC
Exchange	ORG
Exercise Mosi II	EVENT
F-16	PRODUCT
F-35	PRODUCT
F-35A	PRODUCT
FA	ORG
FOM	ORG
FSB	ORG
FUKUCHIYAMA	GPE
Facebook	ORG
Fall Out Boy	ORG
Fall Out Boy	WORK_OF_ART
Fall Out Boy's	ORG
Fantasy Springs	FAC
Far	LOC
Far East	LOC
Farrell	PERSON
Farries	PERSON
Fast Retailing	ORG
Feaunati	PERSON
Feb. 1	DATE
Feb. 13	DATE
Feb. 16	DATE
Feb. 17	DATE
Feb. 17 to 27	DATE
Feb. 18	DATE
Feb. 2	DATE
Feb. 23	DATE
Feb. 26	DATE
Feb. 3	DATE
Feb. 4	DATE
Feb. 5	DATE
Feb. 6	DATE
Feb. 7	DATE
Feb. 8	DATE
Feb. 9	DATE
Feb.1	DATE
Feb.10	DATE
Feb.13	DATE
Feb.15	DATE
Feb.16	DATE
Feb.19	DATE
Feb.5	DATE
Feb.6	DATE
February	DATE
February 1	DATE
February 10	DATE
February 10 to 12	DATE
February 10 to 14	DATE
February 11	DATE
February 13 to 14	DATE
February 14	DATE
February 16	DATE
February 17 to 25	DATE
February 20 to 27	DATE
February 2019	DATE
February 2021	DATE
February 2022	DATE
February 2023	DATE
February 3 to 4	DATE
February 5	DATE
February 7	DATE
February 8 to 15	DATE
February 9	DATE
February 9 to 14	DATE
February, 2021	DATE
Federal Security Service	ORG
Federal Service	ORG
Federal Service for Supervision of Communications, Information Technologies and Mass Media	ORG
Federation Council	ORG
Fei	PERSON
Fei Junlong	PERSON
Fema	ORG
Fiennes	PERSON
Fiennes'	PERSON
Filipino	NORP
Fima	PERSON
Finance	ORG
Finland	GPE
Finn Russell	PERSON
Finnish	NORP
Fiona Bruce	PERSON
First	ORDINAL
First Test	EVENT
Five	CARDINAL
Florida	GPE
Fly-by-Wire	PRODUCT
Folie à Deux	WORK_OF_ART
Foreign Ministry	ORG
Forest	ORG
Forest	PERSON
Forrester	ORG
Forteza	PERSON
Forty	CARDINAL
Forum	EVENT
Four	CARDINAL
Fourth	ORDINAL
Fouteen	CARDINAL
Fox	PERSON
Fraghi	PERSON
France	GPE
Francis	PERSON
Free Solo	WORK_OF_ART
Freedom Finance Global	ORG
Freedom of Information	LAW
French	NORP
French-made	NORP
Friday	DATE
Frozen	WORK_OF_ART
Frydnes	PERSON
Fudan University	ORG
Fujian	GPE
Fujian Province	GPE
Fujiko F. Fujio	PERSON
Fujita	ORG
Fujita	PERSON
Fukuchiyama Local Bureau	ORG
Fumio Kishida	PERSON
Future Earth	ORG
Fuyuanyu 805	PRODUCT
Fuyuanyu 808	PRODUCT
G1	ORG
G5	CARDINAL
G7	ORG
GAO	GPE
GDI	ORG
GENEVA	GPE
GRU	ORG
GSI	ORG
GULF OF ADEN	LOC
Gabrielle Senft	PERSON
Gallagher	PERSON
Galligan	PERSON
Gan Yu	PERSON
Gao	GPE
Gao Shahui	PERSON
Gareth Southgate	PERSON
Gareth Southgate's	PERSON
Gauke	PERSON
Gaza	GPE
Gaza Strip	GPE
Gaza Strip-based	GPE
Gazprom	ORG
Gen Nakatani	PERSON
General Motors	ORG
Geneva	GPE
Gennady Zyuganov	PERSON
Geoffrey E. Hinton	PERSON
George Mallory	PERSON
George Percival	PERSON
Georgia	GPE
Georgian	NORP
Georgian Dream - Democratic Georgia	ORG
Gereon Bohlmann	PERSON
German	NORP
German-Austrian	NORP
German-made	NORP
Germans	NORP
Germany	GPE
Getty	ORG
Getty Images	ORG
Ghebreyesus	PERSON
Ghergii Diko	PERSON
Ghost	WORK_OF_ART
Gio Reyna	PERSON
Giorgia Meloni	PERSON
Girl with Balloon	WORK_OF_ART
Glass Animals	ORG
Global Witness	ORG
Gojo, Nara Prefecture	GPE
Goncharovka	GPE
Goodison Park	FAC
Google	ORG
Gordon	PERSON
Government	ORG
Grad	PRODUCT
Graham	PERSON
Graham Green	PERSON
Grahame Russell	PERSON
Grand National Assembly	ORG
Grant Shapps	PERSON
Grayvoronsky	LOC
Greece	GPE
Green	PERSON
Greg	PERSON
Greg Smith	PERSON
Griffiths	PERSON
Grodovka	GPE
Group of Seven	ORG
Grundberg	PERSON
Guildhall	FAC
Gulf	LOC
Gulf of Aden	LOC
Gulf of Mexico	LOC
Guo Qiang	PERSON
Gurbanguly Berdimuhamedov	PERSON
Gwangju	GPE
Gwent	GPE
HELSINKI	GPE
HIMARS	PRODUCT
HIROSHIMA	GPE
HP	ORG
HSE Center for Comprehensive European and International Studies	ORG
Haiyuza	ORG
Half	CARDINAL
Half a year	DATE
Hamas	ORG
Hamas-led	ORG
Hammer	PRODUCT
Han	GPE
Han	PERSON
Han Kang	PERSON
Han Kang's	PERSON
Han Seung-won	PERSON
Hanni	PERSON
Hanrahan	PERSON
Hans Grundberg	PERSON
Harriett	PERSON
Harriett Baldwin	PERSON
Harris	PERSON
Harrison	PERSON
Harrods	ORG
Harrods’	ORG
Harry Brook	PERSON
Harry Brookâ€™	PERSON
Harry Kane	PERSON
Hassan Nasrallah	PERSON
Hatton	PERSON
Hayashi	PERSON
He Weidong	PERSON
Healey	PERSON
Health Ministry	ORG
Heard	PERSON
Hebrew	LANGUAGE
Hein Schumacher	PERSON
Helena Rowland	PERSON
Helene	EVENT
Helsinki	GPE
Henry Arundell	PERSON
Hepi	ORG
Hertfordshire	GPE
Herzi Halevi	PERSON
Hewlett-Packard	ORG
Hezbollah	ORG
Hezbollah Shia	ORG
Hibakusha	ORG
Hidankyo	GPE
Hidankyo	ORG
Higher Education Policy Institute	ORG
Himalayas	LOC
Hinnieh	GPE
Hiroshima	GPE
Hogan-Rochester	PERSON
Hokkaido	GPE
Hokkaido	LOC
Holly Aitchison	PERSON
Holtkamp	PERSON
Home Office	ORG
Hossein Daghighi	PERSON
Hours later	TIME
House	ORG
House of Representatives	ORG
Houthi	NORP
Houthis	NORP
Houthis’	NORP
Huainan	PRODUCT
Huang	PERSON
Huang Ming	PERSON
Hudson-Odoi	PERSON
Hundreds	CARDINAL
Hungary	GPE
Hunt	PERSON
Hurricane Helen	EVENT
Hurricane Helene	EVENT
Hurricane Milton	EVENT
Huw Edwards	PERSON
Hyderabad	GPE
Hyundai	ORG
IAEA	ORG
ICAN	ORG
IDF	ORG
II	EVENT
IKEA	ORG
IOPC	ORG
IRGC	ORG
ISD	ORG
ISS	FAC
ITV	ORG
Iberdrola	ORG
Igor Nechaev	PERSON
Imedi TV	ORG
Imomi	PERSON
Independent	ORG
Independent Premium	ORG
India	GPE
Indian	NORP
Indo-Pacific	LOC
Indonesia	GPE
Ineos & Ainslie's	ORG
Instagram	ORG
Institute of Strategic Dialogue	ORG
Integral Concierge Services	ORG
Interconnection of Times and Civilizations - Basis of Peace and Development	EVENT
Interconnection of Times and Civilizations - Basis of Peace and Development"	EVENT
Interconnection of Times and Civilizations — the Basis of Peace and Development	EVENT
International Crisis Group	ORG
International Investment Summit	EVENT
Interrelation of Times and Civilizations-Basis of Peace and Development	EVENT
Ioniq 5	PRODUCT
Irakli Kobakhidze	PERSON
Iran	GPE
Iran-Russia	GPE
Iranian	NORP
Iraq	GPE
Iraqi	NORP
Ireland	GPE
Irish	NORP
Iron Dome	PRODUCT
Iron Storm	EVENT
Irpen	GPE
Irvine	PERSON
Isaac Hargrave	PERSON
Isabella Rossellini	PERSON
Ishiba	PERSON
Islamic	NORP
Islamic Jihad	ORG
Islamic Republic	GPE
Israel	GPE
Israel Defense Forces - TASS	ORG
Israel-Iran	GPE
Israeli	NORP
Israeli-Palestinian	NORP
Israelis	NORP
Israel’	GPE
It's Completely Different But Also Still Brat	WORK_OF_ART
Italian	NORP
Italy	GPE
Ivan Vagner	PERSON
IwaiCosmo Securities Co	ORG
Izvestia	ORG
JA	ORG
JA Naraken	ORG
JCPOA	ORG
JD Vance	PERSON
JOHANNESBURG	GPE
JR Sendai Station	FAC
JRA	ORG
Jack Leach	PERSON
Jack Willis	PERSON
Jacquelyn Martin	PERSON
Jamal	PERSON
James Arthur	PERSON
James Burbidge KC	PERSON
James Carville	PERSON
James Cleverly	PERSON
James Corden	PERSON
James Kelleher	PERSON
Jan Petrovsky	PERSON
Jan. 18	DATE
Jan. 19	DATE
Jan. 21	DATE
Jan. 23	DATE
Jan. 25	DATE
Jan. 28	DATE
Jan. 29	DATE
Jan. 31	DATE
Jan.30	DATE
Jane Castor	PERSON
Jane Hasell-McCosh	PERSON
January	DATE
January - September 2024	DATE
January 1	DATE
January 1 to September 24	DATE
January 1, 2024	DATE
January 1, 2025	DATE
January 18, 2023	DATE
January 2017	DATE
January 2023	DATE
January 21	DATE
January 21 to 27, 2023	DATE
January 23	DATE
January 24	DATE
January 26, 2013	DATE
January 30	DATE
January 6 2021	DATE
January 6 Committee	ORG
January-September	DATE
Japan	GPE
Japan	ORG
Japan Agricultural Cooperatives	ORG
Japanese	LANGUAGE
Japanese	NORP
Japanese-owned	NORP
Jared Polis	PERSON
Jason	PERSON
Jason Gillespie	PERSON
Jason Jaekel	PERSON
Jason Mikesell	PERSON
Javier Milei	PERSON
Jay Blades	PERSON
Jay-Z.	PERSON
Jenna Fischer	PERSON
Jenrick	PERSON
Jerusalem	GPE
Jess Breach	PERSON
Jessica Caldwell	PERSON
Jewish	NORP
Jimmy Chin	PERSON
Jimmy Savile	PERSON
Jo Grady	PERSON
Joan	PERSON
Joan Collins	PERSON
Joe Abbess	PERSON
Joe Biden	PERSON
Joe Root	PERSON
Joergen Watne Frydnes	PERSON
Johannesburg	GPE
John Coles	PERSON
John Healey	PERSON
John Mitchell's	PERSON
Johnson	PERSON
Joint Chiefs of Staff	ORG
Jonas Montani	PERSON
Jonathan Brady	PERSON
Jones	PERSON
Jonny Wilkinson	PERSON
Joran	GPE
Jordan	GPE
Jordan Stephens	PERSON
Jude Bellingham	PERSON
Jules King	PERSON
Julie Summers	PERSON
July	DATE
July 20, 2023	DATE
July 2018	DATE
July 2022	DATE
July 21	DATE
July 8	DATE
July 8 and July 11, 2024	DATE
June	DATE
June 1 2024	DATE
June 12	DATE
June 13	DATE
June 14	DATE
June 15-16	DATE
June 1924	DATE
June 24	DATE
June 29	DATE
Jung Yoon-young	PERSON
Jupiter	LOC
Justin Rowlatt	PERSON
KALININGRAD	GPE
KARACHI	GPE
KASE	ORG
KRASNOYARSK	GPE
KURSK	GPE
Kai Gottschalk	PERSON
Kamala Harris	PERSON
Kane Te Tai	PERSON
Karachi	GPE
Karak	GPE
Karanbir Cheema	PERSON
Kassil	PERSON
Kat Thompson	PERSON
Kata’ib	NORP
Kata’ib Hezbollah	ORG
Kathryn Olley	PERSON
Katsunobu Kato	PERSON
Katsuo Isono	PERSON
Kawano	PERSON
Kazakhstan	GPE
Kazakhstan Stock Exchange	ORG
Kazakhstan Stock Exchange JSC	ORG
Kazan	GPE
Kazem Jalali	PERSON
Keir	PERSON
Keir Starmer	PERSON
Keisuke Sagawa	PERSON
Keith Anderson	PERSON
Kekexilihu	PRODUCT
Kellie Place	GPE
Kemi Badenoch	PERSON
Ken Clarke	PERSON
Kendrick Lamar	PERSON
Kent	GPE
Kevin McCarthy	PERSON
Khalk Maslahaty	ORG
Khamenei	PERSON
Khan Yunis	GPE
Kharkov	GPE
Khunjerab	GPE
Khyber Pakhtunkhwa	GPE
Kiev	GPE
Kildunne	PERSON
Kilmore	GPE
Kim Kardashian	PERSON
Kinzhal	PRODUCT
Kirill Babayev	PERSON
Kirill Bulgakov	PERSON
Kitt Medical	ORG
Klimenko	PERSON
Kobakhidze	PERSON
Koichi Kawano	PERSON
Koichiro Tezuka	PERSON
Kolkata	GPE
Kommersant	ORG
Konstantin Feoktistov	PERSON
Korean	NORP
Korean Peninsula	LOC
Korolev	PERSON
Korosi	PERSON
Kortre	PERSON
Kotre	PERSON
Krasnoarmeysk	GPE
Krasnoyarsk	GPE
Krasnoyaruzhsky	GPE
Kremlin	ORG
Kremlin.	WORK_OF_ART
Kremyanoye	GPE
Kristy Puchko	PERSON
Kuci	PERSON
Kunlong	PRODUCT
Kuomintang	ORG
Kurakhove	GPE
Kurilovka	GPE
Kursk	GPE
Kursk Region	GPE
KwaZulu-Natal	GPE
Kyeran Taylor	PERSON
Kyiv	GPE
Kyle Meredith	PERSON
Kyle Sinckler	PERSON
Kyle Webber	PERSON
Kyodo	GPE
Kyodo	ORG
Kyoto	GPE
Kyoto Tango Railway line	FAC
Kyrgyzstan	GPE
L Packer	PERSON
LA	GPE
LBC	ORG
LDP	ORG
LDPR	ORG
LONDON	GPE
LPR	GPE
LUGANSK	GPE
Labbouneh	GPE
Labour	NORP
Labour	ORG
Lady Gaga	PERSON
Lagan College	ORG
Landtags	ORG
Laos	GPE
Laos'	GPE
Larry Fraser	PERSON
Last Sunday's	DATE
Last month	DATE
Last year	DATE
Last year’s	DATE
Latin America	LOC
Lavrov	PERSON
Lawrence	PERSON
Le Figaro	ORG
Leach	PERSON
Lebanese	NORP
Lebanese-Israeli	NORP
Lebanon	GPE
Lebanon-based	GPE
Lee Carsley	PERSON
Leigh Halfpenny	PERSON
Leonardo	ORG
Leonid Slutsky	PERSON
Leonidovo	GPE
Leopard	PRODUCT
Li	PERSON
Li Keqiang	PERSON
Li Qiang	PERSON
Li Xi	PERSON
Li Zhulin	PERSON
Lib Dem	NORP
Liberal Democratic Party	ORG
Liberal Democratic Party of Russia	ORG
Lidar	PRODUCT
Lila Pilipina	ORG
Lila Pilipina's	PERSON
Lions	NORP
Lions	ORG
Lions'	ORG
Lipetsk	GPE
Liptsy	GPE
Lisa-Marie Zbozen	PERSON
Lisovolik	PERSON
Liu Haoyu	PERSON
Liu Wensheng	PERSON
Live Lounge Glass Animals	WORK_OF_ART
Liz McKeown	PERSON
Lock Tyson Beukeboom	PERSON
London	GPE
London Film Festival	EVENT
London-based	GPE
Long March	PRODUCT
Long March series	PRODUCT
Lord Woolf	PERSON
Lori Hinnant	PERSON
Louis Wilson	PERSON
Louisiana	GPE
Lozovaya	GPE
Lucie County	GPE
Luhansk	GPE
Luis de la Fuente	PERSON
Luton	GPE
Luton	ORG
Lyubimovka	GPE
M Amjad Khan Niazi	PERSON
M Packer	PERSON
M113	PRODUCT
MADRID	GPE
MANILA	GPE
MINUSMA	ORG
MLRS	PRODUCT
MND	ORG
MOEX	ORG
MONUSCO	ORG
MOSCOW	GPE
MP	ORG
MRAP	PRODUCT
Macron	PERSON
Madrid	GPE
Magnitogorsk	GPE
Main Military-Political Department	ORG
Mainichi	GPE
Mainichi Shogakusei Shimbun	ORG
Major League Baseball	ORG
Makeyevka	GPE
Makhnovka	GPE
Makhtumkuli	PERSON
Makhtumkuli Fraghi	PERSON
Malala	PERSON
Malaya Loknya	GPE
Malaysia	GPE
Malaysian	NORP
Malgina	PERSON
Mali	GPE
Mallory	PERSON
Man City	ORG
Manabu Niwata	PERSON
Marburg	GPE
March	DATE
March 2018	DATE
March that year	DATE
Marcos De SÃ¡ Affonso Da Costa	PERSON
Maria Bowman	PERSON
Maria Zakharova	PERSON
Marianna Spring’s	PERSON
Marina	PERSON
Marina Perederii’s	PERSON
Mariupol	GPE
Marjorie Taylor Greene	PERSON
Mark Hoppus	PERSON
Mark Rutte	PERSON
Markelov	PERSON
Marlie Packer	PERSON
Marochko	PERSON
Martin Reichardt	PERSON
Martynovka	GPE
Mary Dejevsky	PERSON
Masato Kanda	PERSON
Mashable	ORG
Masood	PERSON
Masoud Pezeshkian	PERSON
Matt Taylor	PERSON
Matthews	PERSON
Matthias Mosdorf	PERSON
Matviyenko	PERSON
Maura McGuckin	PERSON
Maureen Lee Lenker	PERSON
Maximilian Krah	PERSON
May	DATE
May	PERSON
May 2020	DATE
May.	DATE
McCarthy	PERSON
McDonald's	ORG
McKinley Hunt	PERSON
Mead	PERSON
Mednogorsk	GPE
Meeting of BRICS Ministers of Health	EVENT
Meishan	PRODUCT
Meloni	PERSON
Melvin	PERSON
Menin	PERSON
Merkava	PRODUCT
Meta	ORG
Metro	ORG
Mick Jackson	PERSON
Mickey	PERSON
Middle East	LOC
Middle Eastern	LOC
Middle Eastern	NORP
Midlands	LOC
Mike Wendling	PERSON
Mikesell	PERSON
Mikhail Galuzin	PERSON
Mikhail Mishustin	PERSON
Milchakova	PERSON
Miller	PERSON
Milton	EVENT
Milton	FAC
Milton	GPE
Milton	LOC
Milton	PRODUCT
Milwaukee	GPE
Mimaki	PERSON
Ministry of Defence	ORG
Ministry of Defense and Military Veterans	ORG
Ministry of Health	ORG
Ministry of Justice	ORG
Ministry of National Defense	ORG
Minneapolis	GPE
Minnesota	GPE
Minnie Mouse	PERSON
Mio Sugita	PERSON
Mishustin	PERSON
Mitchellâ	PERSON
Miyakojima Police Station	ORG
Miyakojima Station	FAC
MoD	ORG
Model 3	PRODUCT
Model Y	PRODUCT
Mohamed Al Fayed	PERSON
Mohamed Al-Fayed	PERSON
Mohammadi	PERSON
Mollie Kathleen Gold Mine	FAC
Mollie Kathleen Gortner	PERSON
Monday	DATE
Monday (14 October 2024)	DATE
Monday 14 October	DATE
Monday 28 October	DATE
Mongolia	GPE
Months later	DATE
More than 12,000	CARDINAL
More than 170	CARDINAL
More than 20	CARDINAL
More than 4,000	CARDINAL
More than 40	CARDINAL
More than 70%	PERCENT
More than six years	DATE
Moscow	GPE
Moscow	TIME
Moscow Exchange	ORG
Moscow Exchange PJSC	ORG
Moscow time	TIME
Moscow.	WORK_OF_ART
Mount Everest	LOC
Muci	PERSON
Muhammad Abdullah	PERSON
Muir	PERSON
Multan	GPE
Murom	GPE
Musk	PERSON
My House of Horrors	WORK_OF_ART
Myanmar	GPE
Myasozharovka	GPE
NANJING	GPE
NATO	ORG
NATO Supreme Allied Command Transformation	ORG
NATO-produced	ORG
NATO-supplied	ORG
NAVDEX	EVENT
NBC	ORG
NCA	ORG
NCRW	ORG
NCSC	ORG
NEW YORK	GPE
NHS	ORG
NI	LAW
NMA	ORG
NPT	LAW
NSW Waratahs	ORG
Nadal	PERSON
Naftali Bennett	PERSON
Nagasaki	EVENT
Nagasaki	GPE
Namibia	GPE
Nanako Fujita	PERSON
Nancy Pelosi	PERSON
Nanning	PRODUCT
Naqoura	GPE
Nara Prefecture	GPE
Narcisa Claveria	PERSON
Narges Mohammadi	PERSON
Nasa	ORG
Nasar	PERSON
Nasar Ahmed	PERSON
Naseem	PERSON
Naseem Shah	PERSON
Natalia Kanem	PERSON
Natalya Malgina	PERSON
Natalya Milchakova	PERSON
National Academy of Governance	ORG
National Allergy Strategy	ORG
National Bureau of Investigation	ORG
National Committee of the CPPCC	ORG
National Congress	EVENT
National Geographic	ORG
National Guard	ORG
National Insurance	ORG
National People's Congress	ORG
National Plan on Implementation of the 2030 Agenda for Sustainable Development	LAW
Nato	ORG
Nayoro	GPE
Nearly two-thirds	CARDINAL
Nebenzya	PERSON
Nechaev	PERSON
Neck Deep	ORG
Neil Beckett	PERSON
Nepalese	NORP
Netflix	ORG
Netherlands	GPE
Neustrashimy	PRODUCT
Neustrastrashimy	PRODUCT
Never Give Up	WORK_OF_ART
New People	ORG
New Year	EVENT
New Year's	EVENT
New Year's Eve	DATE
New Year's Eve	EVENT
New York	GPE
New Zealand	GPE
NewJeans	ORG
Newport Crown Court	ORG
Newsbeat	ORG
Ngozi Okonjo-Iweala	PERSON
Nick Bailey	PERSON
Nick Hillman	PERSON
Nigel Fryer	PERSON
Nihon Hidankyo	ORG
Nihon Hidankyo	PERSON
Nikkei	ORG
Nikolay Patrushev	PERSON
Nikolayevo-Daryino	GPE
Nine	CARDINAL
Ninety percent	PERCENT
Nishiyoshino	GPE
Nissan	ORG
Nizhny Klin	GPE
Nizhny Tagil	GPE
No 10	FAC
No 10’s	FAC
Nobel	ORG
Nobel	WORK_OF_ART
Nobel Committee	ORG
Nobel Peace Prize	WORK_OF_ART
Nobel Peace Prizes	WORK_OF_ART
Nobel prizes	WORK_OF_ART
Nobita Nobi	PERSON
Nobuyo Oyama	PERSON
Nolan Le Garrec	PERSON
Noman Ali	PERSON
Noriko Ohara	PERSON
Norilsk	GPE
Norilsk Nickel	ORG
Nornickel	ORG
North	GPE
North America	LOC
North Carolina	GPE
North Fort Myers	GPE
North Korea	GPE
North Korea's	GPE
North Korean	NORP
North Pacific Ocean	LOC
Northern	FAC
Northern	NORP
Northern Ireland	GPE
Norwegian	NORP
Norwegian	ORG
Norwegian Nobel Committee	ORG
Nottingham Forest	ORG
Nov. 29 last year	DATE
Nov. 30, 2022	DATE
Novaya Sorochina	GPE
November	DATE
November 11	DATE
November 2012	DATE
November 2019	DATE
November 2022	DATE
November 5	DATE
November this year	DATE
Novoivanovka	GPE
Novokuznetsk	GPE
Novorossiya	GPE
Novy Put	GPE
Nuclear Non-Proliferation Treaty	LAW
Numan Kurtulmus	PERSON
Number 17	CARDINAL
Nur Shams	GPE
Nwokoro	PERSON
OFSI	ORG
OKEGAWA	GPE
ONS	ORG
OSAKA	GPE
OSLO	GPE
Oceania	LOC
Oct. 1	DATE
Oct. 10	DATE
Oct. 12	DATE
Oct. 15	DATE
Oct. 16 to 18	DATE
Oct. 17	DATE
Oct. 19	DATE
Oct. 27	DATE
Oct. 4.	DATE
Oct. 7, 2023	DATE
Oct. 9	DATE
October	DATE
October 1	DATE
October 10	DATE
October 10, 2018	DATE
October 10, 2024	DATE
October 11	DATE
October 11, 2024	DATE
October 12	DATE
October 12, 1964	DATE
October 14	DATE
October 2	DATE
October 2023	DATE
October 2024	DATE
October 2025	DATE
October 22-24	DATE
October 25	DATE
October 3	DATE
October 3, 9	DATE
October 31, 2024	DATE
October 4	DATE
October 5-11	DATE
October 6	DATE
October 7	DATE
October 7 last year	DATE
October 7, 2023	DATE
October 8	DATE
October 9	DATE
October last year	DATE
October, 2023	DATE
Odesa	GPE
Official Charts	ORG
Official Development Assistance	ORG
Ohio	GPE
Okegawa	GPE
Olaf Scholz	PERSON
Old Bailey	ORG
Old City	LOC
Oleh Kiper	PERSON
Oleksii	PERSON
Oliver James	PERSON
Ollie Pope	PERSON
Ollie Watkins	PERSON
Olsi Ebeja	PERSON
Omagh Crown Court	ORG
Omokhuale	PERSON
Omsk	GPE
One	CARDINAL
One day	DATE
Operation Interflex	EVENT
Operation Northern Arrows	EVENT
Operation Prosperity Guardian	EVENT
Organization	ORG
Oriental Land Co.	ORG
Orlovka	GPE
Osaka City News Department	ORG
Osaka Metro Co.	ORG
Osaka Metro's	ORG
Osaka Prefectural Police's	ORG
Oscar-winning	WORK_OF_ART
Oscars	EVENT
Oslo	GPE
Ostrovskoye	GPE
Ota Ward	GPE
Outreach/BRICS Plus	ORG
Owen	PERSON
Owen Farrell	PERSON
Oxfordshire County Council	ORG
Oxted	GPE
Oyama	PERSON
PA	ORG
PA Wire	ORG
PARIS	GPE
PETERSBURG	GPE
PGMOL	ORG
PLA	ORG
PLA Djibouti Support Base	ORG
PLA Navy	ORG
PLAAF	ORG
PLAN	ORG
PN	ORG
PUP	ORG
Pacific Ocean	LOC
Packer	PERSON
Packers'	ORG
Pakistan	GPE
Pakistanâ	GPE
Pakistani	NORP
Palestine-Israel	GPE
Palestinian	NORP
Palestinian-Israeli	NORP
Palestinians	NORP
Palm Beach Gardens	GPE
Palmer	PERSON
Pam	PERSON
Panamanian	NORP
Panic!	WORK_OF_ART
Paralympian	EVENT
Parasite	WORK_OF_ART
Paris	GPE
Parisian	NORP
Parliament	ORG
Party	ORG
Patrick	PERSON
Patrick Stump	PERSON
Paul Chichester	PERSON
Paul Miller	PERSON
Pavel Zarubin	PERSON
Pavlidis	PERSON
Pavlidis'	PERSON
Peace Prize	WORK_OF_ART
Peer de Jong	PERSON
Pelletier	PERSON
Pelosi	PERSON
Peng	PERSON
Peng Liyuan	PERSON
Pennsylvania	GPE
People's Council	ORG
People's Liberation Army Air Force	ORG
Pepper	PERSON
Perth	GPE
Peshawar	GPE
Peskov	PERSON
Peter Pan	WORK_OF_ART
Peter Szijjarto	PERSON
Petko Zhutev	PERSON
Petropavlovsk-Kamchatsky	PRODUCT
Pezeshkian	PERSON
Phil Edmonds	PERSON
Phil Foden	PERSON
Phil Tufnell	PERSON
Philip Morris	ORG
Philippine	NORP
Philippines	GPE
Phoebe	PERSON
Phoebe Hunt	PERSON
Photo Group	ORG
Phyll Babb	PERSON
Pikes Peak	LOC
Pillared Room	FAC
Pinellas County	GPE
Play	ORG
Plekhovo	GPE
Pokrovsk	GPE
Pokrovsky	GPE
Poland	GPE
Polar Division	ORG
Poole	GPE
Pope	PERSON
Pope Francis	PERSON
Portsmouth	GPE
Power of Siberia	FAC
Power of Siberia	ORG
PowerOutage	ORG
Premier League	ORG
Premiership	ORG
Premiership Women's Rugby league	ORG
Premium	ORG
Presidential Office	ORG
Prokhorovsky	GPE
Prosecutor General’s Office	ORG
Putin	PERSON
Putin	WORK_OF_ART
Pyongyang	GPE
Qaani	PERSON
Qatar	GPE
Qianmen	GPE
Qin Gang	PERSON
Qiu Maoxuan	PERSON
Quad	ORG
Quds Force	ORG
RAF	ORG
ROK	GPE
RSPCA	ORG
RTS	ORG
Rachel Reeves	PERSON
Racing	ORG
Racing 92	ORG
Racing 92's	ORG
Radio 1's	ORG
Rafah	GPE
Rahm Emanuel	PERSON
Rainer Rothfuss	PERSON
Ralph Fiennes	PERSON
Ramstein	PERSON
Rand School	ORG
Ras al-Nabaa	GPE
Rasmussen Reports	ORG
Ratan Tata	PERSON
Rawalpindi	GPE
Rebecca	PERSON
Rebecca Mills	PERSON
Rebecca Trowler KC	PERSON
Recep Tayyip Erdogan	PERSON
Red Roses	ORG
Red Team	ORG
Red Teams	ORG
Reeves	PERSON
Reporters Without Borders	ORG
Republican	NORP
Reuters	ORG
Richards Bay	LOC
Rickie	PERSON
Rishi Sunak	PERSON
Rishi Sunak's	PERSON
Rizhao	PRODUCT
Robert Buckland	PERSON
Robert Harris	PERSON
Robert Harris’s	PERSON
Robert Jenrick	PERSON
Robinson Brothers	ORG
Robovan	PRODUCT
Roger Griffiths	PERSON
Roman Marshavin	PERSON
Rome	GPE
Romina Sudack	PERSON
Ron DeSantis	PERSON
Ronaldo	PERSON
Root	PERSON
Rooty	PERSON
Roscosmos	ORG
Roshchyna	PERSON
Roskomnadzor	ORG
Ross Kempsell	PERSON
Ross Neiland	PERSON
Rossiya-24 TV	ORG
Rosstat	ORG
Route's	FAC
Rowland	PERSON
Royer	PERSON
Rubicon Center	FAC
Rugby World Cup	EVENT
Ruslan Boshirov	PERSON
Russia	GPE
Russia-related	GPE
Russian	NORP
Russian Army	ORG
Russian Foreign Ministry	ORG
Russian-Chinese Dialogue: The 2024 Model	WORK_OF_ART
Russians	NORP
Ruth Jones	PERSON
Rutte	PERSON
Rwanda	GPE
Ryabkov	PERSON
Rzhevka	GPE
S-200	PRODUCT
SAPPORO	GPE
SCO	ORG
SENDAI	GPE
SEOUL	GPE
ST.	GPE
STOCKHOLM	GPE
SVR	ORG
SWIFT	ORG
Sadova Street	FAC
Saitama	GPE
Saitama Bureau	ORG
Saitama Prefecture	GPE
Saka	PERSON
Salisbury	GPE
Salman	PERSON
Salman Agha	PERSON
Salman lbw	PERSON
Sam Carter	PERSON
Samaranayake	PERSON
Samir Shah	PERSON
Samitha Samaranayake	PERSON
San Francisco	GPE
Sanya	PRODUCT
Saracens	ORG
Sarah Storey	PERSON
Saturday	DATE
Saturday, 12 October	DATE
Saturn	LOC
Satvir Kaur	PERSON
Saudi	NORP
Saudi Arabia	GPE
Sazae-san	WORK_OF_ART
Scarratt	PERSON
Schell	PERSON
Scholz	PERSON
Scot	NORP
Scotland	GPE
Scott Hodkinson	PERSON
Scottish Power	ORG
Scriven	PERSON
Scrivens	PERSON
Scrivens'	PERSON
Scrivens’	PERSON
Sea	LOC
Sea Guardians-2 PLAN-PN	EVENT
Sean Elvidge	PERSON
Seb	PERSON
Seb Barlow	PERSON
Secret Service	ORG
Security Council	LAW
Security Council	ORG
Self-Defense Forces	ORG
Senft	PERSON
Seoul	GPE
Sept. 19	DATE
Sept. 29	DATE
Sept. 3	DATE
September	DATE
September 1	DATE
September 1, 2023	DATE
September 18	DATE
September 20 to October 10	DATE
September 2005	DATE
September 2018	DATE
September 2020	DATE
September 2021	DATE
September 2024	DATE
September 23	DATE
September 27	DATE
September 29	DATE
September 30	DATE
September 30 to October 6	DATE
September 30, 2024	DATE
September 4	DATE
September 5-8	DATE
September 6, 2024 to October 4, 2024	DATE
September 9-12	DATE
Serdar Berdimuhamedov	PERSON
Sergei Skripal	PERSON
Sergey Fedotov	PERSON
Sergey Lavrov	PERSON
Sergey Mironov	PERSON
Sergey Ryabkov	PERSON
Sergey Sobyanin	PERSON
Sergey Tsivilev	PERSON
Sergey Vershinin	PERSON
Seumanutafa	PERSON
Seven	CARDINAL
Shaanxi Province	GPE
Shabana Mahmood	PERSON
Shah	PERSON
Shahbaz Sharif	PERSON
Shaheen	PERSON
Shaheen Shah Afridi	PERSON
Shan Masood	PERSON
Shanghai	GPE
Shanghai-based	GPE
Sharon Cabusao-Silva	PERSON
Shebekino	GPE
Shebekinsky	NORP
Shein	ORG
Shell	ORG
Shenzhou-15	PRODUCT
Shenzhou-16	PRODUCT
Shia	NORP
Shigeru Ishiba	PERSON
Shiite	NORP
Shimoamazu Station	FAC
Shin Bet	ORG
Shin-Hakodate-Hokuto	GPE
Shirley	PERSON
Shropshire	GPE
Siberia	LOC
Siemens	ORG
Siesta Key	GPE
Siluanov	PERSON
Silva	PERSON
Simon Middleton	PERSON
Simon Moring	PERSON
Simon Stiell	PERSON
Sinckler	PERSON
Singapore	GPE
Six Nations	EVENT
Six Nations	ORG
Six Nations Grand Slam	EVENT
Sixty	CARDINAL
Skripal	PERSON
Skripals	PERSON
Slovakia	GPE
Sodik Imom	PERSON
Sofia Alonso-Mossinger	PERSON
Solanke	PERSON
Somali	GPE
Somalia	GPE
Some 3,300	CARDINAL
Some 49.5%	PERCENT
Sophie Willan	PERSON
South	LOC
South	ORG
South Africa	GPE
South African	NORP
South America	LOC
South China seas	LOC
South Korea	GPE
South Korea's	GPE
South Korean	NORP
South Koreans	NORP
South Lebanon	LOC
South Pacific	LOC
South Sudan	GPE
Southampton	GPE
Southeast Asia	LOC
Southeast Asian	NORP
Southgate	PERSON
Soviet	NORP
Space Force	ORG
Spain	GPE
Spanish	NORP
Speak Now (Taylor's Version)	WORK_OF_ART
Spring Festival	EVENT
Squid Game	WORK_OF_ART
Sri Lanka	GPE
Sri Lanka Naval and Maritime Academy	ORG
Srivens'	PERSON
St Columb's Park	FAC
St Lucie County	GPE
St Marks Church	ORG
St Petersburg	GPE
St. Lucie County	GPE
St. Petersburg	GPE
St. Petersburg International gas forum	EVENT
Stade de France	FAC
Stanley	ORG
Stanley	PERSON
Stanley Tucci	PERSON
Starooskolsky	GPE
State	ORG
Steadfast Noon	EVENT
Steam	ORG
Steffen Janich	PERSON
Steffen Kotre	PERSON
Stephen Clayman	PERSON
Steven Farber	PERSON
Stiell	PERSON
Stig Abell	PERSON
Stockholm	GPE
Stokes	PERSON
Storm Shadow	PRODUCT
Stormzy	PERSON
Stormzy's Backbone	WORK_OF_ART
Strait	LOC
Straits	LOC
Strangeways	GPE
Strip	GPE
Stuart Attwell	PERSON
Sturgess	PERSON
Sturgess’	PERSON
Su Zhenglin	PERSON
Sudan	GPE
Sudzha	GPE
Sue Gray	PERSON
Sueichi Kido	PERSON
Sugita	PERSON
Sulfur Program	ORG
Sumi Somaskanda	PERSON
Sumy	GPE
Sun	LOC
Sunday	DATE
Sunday afternoon	TIME
Sunnah Khan	PERSON
Super Camp	FAC
Suspilne	ORG
Sverdlikovo	GPE
Swiss	NORP
Switzerland	GPE
Syria	GPE
Syrian	NORP
Szijjarto	PERSON
T1 Holding	ORG
TASS	ORG
TBILISI	GPE
TEL AVIV	GPE
THE MAINICHI NEWSPAPERS	ORG
TOKYO	GPE
TT NEWS AGENCY	ORG
Taganrog	GPE
Tagansky	GPE
Taiwan	GPE
Taiwanese	NORP
Taize	GPE
Tajik	NORP
Tajik-Afghan	NORP
Tajikistan	GPE
Tajikistan	NORP
Tajikistan-Russia	NORP
Takeshi Iwaya	PERSON
Talk Talk	WORK_OF_ART
Talling	PERSON
Tampa	GPE
Tan	PERSON
Tan Kefei	PERSON
Tang Siyu	PERSON
Tangled	WORK_OF_ART
Tanimachi Line	FAC
Tasmin	ORG
Tass	ORG
Tatarstan	GPE
Taylor	ORG
Taylor Swift	PERSON
Tbilisi	GPE
Te Tai	PERSON
Tedros Adhanom Ghebreyesus	PERSON
Tehran	GPE
Telegram	ORG
Teller County	GPE
Temmabashi Station	FAC
Ten	CARDINAL
Tenzing Norgay	PERSON
Tesla	ORG
Tessier	PERSON
Test	EVENT
Test Match Special	WORK_OF_ART
Tests	EVENT
Texas	GPE
Thailand	GPE
Thandi Modise	PERSON
The "Magical Journey Shinkansen"	PRODUCT
The 1975	PERSON
The Architects	ORG
The Associated Press	ORG
The BBC World Service	ORG
The Baltic Fleet's	ORG
The Bank of Korea	ORG
The Bank of Russia	ORG
The Commandant's Cup Sailing Regatta	EVENT
The Cross	WORK_OF_ART
The Cross-Straits Peaceful Development Forum	ORG
The Defense Ministry	ORG
The Democratic Party	ORG
The Diaoyu Island	LOC
The East Asia Summit	EVENT
The European Space Agency	ORG
The Greens	ORG
The Hague	GPE
The Home Office	ORG
The Independent	ORG
The Israeli General Staff	ORG
The Japan Racing Association	ORG
The Key Match Incident Panel	ORG
The Medicines and Healthcare Products Regulatory Agency	ORG
The Met Police	ORG
The Metropolitan Police	ORG
The National Astronomical Observatory	FAC
The National Bureau of Investigation	ORG
The Nobel Peace Prize	WORK_OF_ART
The Nobel Prizes	WORK_OF_ART
The Norilsk Nickel Company's	ORG
The North Atlantic Alliance	ORG
The Northern Lights	WORK_OF_ART
The Norwegian Nobel Committee	ORG
The Order of the Rising Sun	WORK_OF_ART
The Pakistan Navy	ORG
The Palestinian Health Ministry	ORG
The Paris Agreement	LAW
The Public Opinion Foundation	ORG
The Red Roses	ORG
The Repair Shop	WORK_OF_ART
The Republic of Korea	GPE
The Rubicon Center	FAC
The Russian Armed Forces	ORG
The Russian Defense Ministry	ORG
The Standing Committee of the Political Bureau of the Communist Party of China	ORG
The Sulfur Program's	ORG
The Times	ORG
The United States	GPE
The Vegetarian	WORK_OF_ART
The Wall Street Journal	ORG
The Washington Post	ORG
The Week: Workers’ Rights	WORK_OF_ART
The White Book	WORK_OF_ART
The World Bank's	ORG
The World Bank’s	ORG
The World Health Organization	ORG
The World Trade Organization	ORG
The X Factor	WORK_OF_ART
The year 2023	DATE
Theresa May	PERSON
These days	DATE
Thirteen	CARDINAL
Thirteen-year-old	DATE
This summer	DATE
This year	DATE
Thousands	CARDINAL
Threads	WORK_OF_ART
Three	CARDINAL
Three days later	DATE
Thursday	DATE
Tian Yuan	PERSON
Tiangong	FAC
Tiangong	GPE
TikTok	ORG
Tim Barrow	PERSON
Tim Walz	PERSON
Times Radio	ORG
Times Radio’s	ORG
Timpson	PERSON
Timur Suleimenov	PERSON
Tinashe	PERSON
Today	DATE
Today	WORK_OF_ART
Toffees	ORG
Together for	WORK_OF_ART
Tohoku-Hokkaido Shinkansen	GPE
Tokyo	GPE
Tokyo Disney Resort	FAC
Tokyo DisneySea	FAC
Tokyo Disneyland	FAC
Tolsty Lug	GPE
Tom Grennan	PERSON
Tom Selby	PERSON
Tom Tugendhat	PERSON
Tomris Laffly	PERSON
Tonewase	GPE
Tony Radakin	PERSON
Topix	ORG
Torden	PERSON
Toretsk	GPE
Tory	NORP
Tory	ORG
Toshikazu Horiuchi	PERSON
Toshiyuki Mimaki	PERSON
Toulon	GPE
Toulouse	GPE
Treasury	ORG
Treasury Select Committee	ORG
TripAdvisor	ORG
Trowler	PERSON
Troye Sivan	PERSON
Trump	PERSON
Tsuchinshan-ATLAS	LOC
Tsukuryne	GPE
Tuesday	DATE
Tugendhat	PERSON
Tupperware	PRODUCT
Turkey	GPE
Turkish	NORP
Türkiye	GPE
Turkmen	NORP
Turkmenistan	GPE
Tuttosi	PERSON
Twickenham	GPE
Twitter	ORG
Two	CARDINAL
Two weeks later	DATE
Tyre	GPE
U.K.	GPE
U.N.	ORG
U.S.	GPE
UAE	GPE
UAVs	PRODUCT
UCU	ORG
UK	GPE
UK Singles Chart	WORK_OF_ART
UK-led	GPE
UK-linked	GPE
UK-supplied	GPE
UN	ORG
UN Security Council	ORG
UN-centered	ORG
UNESCO	ORG
UNFCCC	ORG
UNGA	ORG
UNHRC	ORG
UNICEF	ORG
UNIFIL	ORG
UNITED NATIONS	ORG
UNMISS	ORG
UNRWA	ORG
UR-77	PRODUCT
US	GPE
US Coast Guard	ORG
US-Japan-Philippines	GPE
US-Japan-South	GPE
US-controlled	GPE
US-led	GPE
US-made	GPE
USA	GPE
USA	WORK_OF_ART
Uber	ORG
Ugledar	GPE
Ukraine	GPE
Ukraine-initiated	GPE
Ukraine-related	GPE
Ukrainian	NORP
Ukrainians	NORP
Under-21s	ORG
Unilever	ORG
Uniqlo	ORG
United Arab Emirates	GPE
United Nations	ORG
United Nations Mission in South Sudan	ORG
United Nations Multidimensional Integrated Stabilization Mission in Mali	ORG
United Russia	ORG
United States	GPE
Universal Periodic Review of Human Rights	EVENT
Universities UK	ORG
University of Oxford	ORG
Unleashed	WORK_OF_ART
Up to a dozen	CARDINAL
Ushakov	PERSON
Ushankov	PERSON
Uzbekistan	GPE
VAB	ORG
VAT	ORG
VCIOM	ORG
VIENTIANE	GPE
VIENTIANE	PERSON
Vagner	PERSON
Valentina Matviyenko	PERSON
Vampire	PRODUCT
Vance	PERSON
Vancouver	GPE
Vanessa Francis	PERSON
Vanessa Gera	PERSON
Vangelis Pavlidis	PERSON
Vasily Bodnar	PERSON
Vasily Nebenzya	PERSON
Vatican	FAC
Vedomosti	ORG
Vershinin	PERSON
Vientiane	GPE
Vietnam	GPE
Viewer	PERSON
Viktoria Roshchyna	PERSON
Vitaly Markelov	PERSON
Vladimir Chasovitin	PERSON
Vladimir Klimanov	PERSON
Vladimir Komarov	PERSON
Vladimir Krekoten	PERSON
Vladimir Putin	PERSON
Vladimir Putin’s	PERSON
Vladimir Zelensky	PERSON
Vladimir] Zelensky	PERSON
Voislav Torden	PERSON
Volchansk	GPE
Volodymyr Zelensky	PERSON
Volodymyr Zelenskyy	PERSON
Volokonovsky	GPE
Volusia County	GPE
Voskhod-1	PRODUCT
Vostok	ORG
Vuhledar	GPE
Vulture	ORG
Vyacheslav Gladkov	PERSON
WASHINGTON	GPE
WAU	GPE
WHO	ORG
WTO	ORG
WW2	EVENT
WXV	ORG
WXV1	EVENT
WXV1	ORG
WaPo	ORG
Wafiq Safa	PERSON
Wagatha Christieâ	PERSON
Wales	GPE
Walvis Bay	LOC
Walz	PERSON
Wang Huning	PERSON
Wang Lingshuo	PERSON
Ward	PERSON
Warsaw	GPE
Washington	GPE
Washington Summit	EVENT
Watkins	PERSON
Wau	GPE
Wau Base	FAC
Waymo	ORG
We, Robot	WORK_OF_ART
WeChat	PRODUCT
Wedbush Securities	ORG
Wednesday	DATE
Wednesday to Saturday	DATE
Weekly	DATE
Weishanhu	PRODUCT
Wembley	FAC
West	LOC
West Jerusalem	GPE
Westcombe-Evans	PERSON
Western	NORP
Western Force	ORG
Why Do You Hate Me?	WORK_OF_ART
Wild Mother	PERSON
William	PERSON
William Browder	PERSON
William Snare	PERSON
Williamson	PERSON
Wilson	PERSON
Wiltshire	GPE
Wing Westcombe-Evans	PERSON
Wisconsin	GPE
Within	DATE
Woolf	PERSON
Worcester Crown Court	ORG
World Cup	EVENT
World Health Organization	ORG
World War II	EVENT
World War Two	EVENT
World Wars I	EVENT
World of Secrets, Season 4:	WORK_OF_ART
Wu Kangci	PERSON
Wu Xu	PERSON
X	ORG
XV	CARDINAL
Xi	PERSON
Xi Jinping	PERSON
Xi Zhongxun	PERSON
Xi'an	GPE
Xie Wanglin	PERSON
Xinhua	ORG
Xinhua Global Service	ORG
Xinhua News Agency	ORG
Xinjiang	GPE
Xiushan	PRODUCT
Xizang Military Command	ORG
Xu Xiaogang	PERSON
Y-20	PRODUCT
Y-20s	PRODUCT
Y-8	PRODUCT
YY-20	PRODUCT
Yakovlevsky	GPE
Yan Xiaoliang	PERSON
Yanliang District	GPE
Yaroslav Lisovolik	PERSON
Yasukuni	FAC
Yasukuni	WORK_OF_ART
Yemen	GPE
Yesterday	DATE
Yongxing Island	LOC
Yonhap	ORG
Yoon	PERSON
Yoon Suk Yeol	PERSON
York House School	ORG
Yoshimasa Hayashi	PERSON
YouTube	ORG
Young	PERSON
Yuanwang	PRODUCT
Yuanwang-3	PRODUCT
Yuanwang-5	PRODUCT
Yuanwang-7	PRODUCT
Yujiro Futamura	PERSON
Yulia Skripal	PERSON
Yurist	PERSON
Yury Klimenko	PERSON
Yury Ushakov	PERSON
Yusuke Kato	PERSON
ZDF TV	ORG
Zahid Mahmood	PERSON
Zahle	GPE
Zak	PERSON
Zak Marks’s	PERSON
Zazulevka	GPE
Zbozen	PERSON
Zealand	GPE
Zelensky	PERSON
Zelenskyy	PERSON
Zhai Xishuo	PERSON
Zhang	PERSON
Zhang Jun	PERSON
Zhang Lei	PERSON
Zhang Lu	PERSON
Zhang Ming	PERSON
Zhang Youxia	PERSON
Zhang Zhe	PERSON
Zhao Leji	PERSON
Zhejiang	GPE
Zhelanna Pershe	GPE
Zhelanna Pershe	PERSON
Zhelannoye Vtoroye	GPE
Zhou	PERSON
Zhou Han	PERSON
Zhu	PERSON
Zhu Maojin	PERSON
Zhutev	PERSON
Zionist	NORP
Zolota Nyva	GPE
Zolotaya Niva	GPE
Zoryanoye Pervoye	GPE
[Norilsk Nickel]	ORG
[Shigeru Ishiba	PERSON
a	QUANTITY
a Strategic Cooperation Agreement	LAW
a century	DATE
a couple of hours	TIME
a couple of months	DATE
a decade	DATE
a decade ago	DATE
a dozen	CARDINAL
a few hundred	CARDINAL
a fortnight	DATE
a really bad day	DATE
a strong month	DATE
a week	DATE
a year	DATE
a year earlier	DATE
a year later	DATE
about £200m	MONEY
about £50,000	MONEY
about 1,200	CARDINAL
about 100	CARDINAL
about 18:00	TIME
about 20%	PERCENT
about 3,000	CARDINAL
about 350 meters	QUANTITY
about 4,790	CARDINAL
about 400 km	QUANTITY
about 4:00 a.m. on January 24	TIME
about 4:30 p.m.	TIME
about 5.89 million U.S. dollars	MONEY
about 60	CARDINAL
about 8 am	TIME
about 80,000	CARDINAL
about 800	CARDINAL
about 8:35 p.m.	TIME
about Oct. 20	DATE
about a minute	TIME
about five minutes	TIME
about five trillion rubles	MONEY
about three	CARDINAL
above $60	MONEY
afternoon	TIME
al-Nuweiri	GPE
almost 100 billion cubic meters	QUANTITY
almost 14,500	CARDINAL
almost 22%	PERCENT
almost 5000	CARDINAL
almost a decade	DATE
almost a thousand	CARDINAL
almost half	CARDINAL
almost three years	DATE
an estimated 25 trillion yen	MONEY
an inch	QUANTITY
and Natural Resources	ORG
annual	DATE
annually	DATE
another £16bn	MONEY
anti-Russian	NORP
approximately	QUANTITY
approximately $36,233	MONEY
approximately 3,500 square meters	QUANTITY
around 1 million	CARDINAL
around 1%	PERCENT
around 140,000	CARDINAL
around 150	CARDINAL
around 1kg	QUANTITY
around 2 a.m	TIME
around 20	CARDINAL
around 200	CARDINAL
around 210,000	CARDINAL
around 22:00	TIME
around 2:30 p.m. on Oct. 9.	TIME
around 3,370	CARDINAL
around 30 miles	QUANTITY
around 500	CARDINAL
around 500ft	QUANTITY
around 60,000	CARDINAL
around 600,000	CARDINAL
around 8:45 p.m	TIME
around 9:35 p.m.	TIME
around Oct. 12	DATE
around five minutes	TIME
around the fall of last year	DATE
as many as 25,000	CARDINAL
as many as 38	CARDINAL
at least 135	CARDINAL
at least 36,000	CARDINAL
at least 90%	PERCENT
at least 99%	PERCENT
at least a dozen	CARDINAL
at least five	CARDINAL
at least four	CARDINAL
at least two	CARDINAL
at the	WORK_OF_ART
autumn	DATE
between 1 January 2023 and 12 September this year	DATE
between 1979 and 2013	DATE
between 2013 and 2015	DATE
between 2014 and 2015	DATE
between 2015 and 2023	DATE
between 9 and 15 October	DATE
between January and August	DATE
between July and September	DATE
between June and August	DATE
between September and early October	DATE
between nine to 15	CARDINAL
billions of pounds	MONEY
close to 70	CARDINAL
couple of miles	QUANTITY
dawn	TIME
day	DATE
days	DATE
de Jong	PERSON
decade	DATE
dozen	CARDINAL
dozens	CARDINAL
earlier in the summer	DATE
earlier this year	DATE
early Friday morning	TIME
early January	DATE
early June 2025	DATE
early Monday	TIME
early October	DATE
early September	DATE
early this year	DATE
early-season	DATE
eight	CARDINAL
eight days	DATE
eight years	DATE
eight-match	CARDINAL
evening	TIME
every	DATE
every October	DATE
every day	DATE
every week	DATE
ex-Harrods	ORG
fewer than three dozen	CARDINAL
fifth	ORDINAL
first	ORDINAL
first week	DATE
first-hand	ORDINAL
first-innings	ORDINAL
firstly	ORDINAL
five	CARDINAL
five coming years	DATE
five days	DATE
five kilometers	QUANTITY
five weeks	DATE
five years	DATE
five-member	CARDINAL
five-strong	CARDINAL
four	CARDINAL
four days	DATE
four months	DATE
four to five minutes	TIME
four years ago	DATE
four-way	CARDINAL
fourth	ORDINAL
from Aug. 15 to Sept. 30	DATE
from Feb. 15 until March 31	DATE
half	CARDINAL
half-hour	TIME
his 40s	DATE
his 50s	DATE
hour and a half	TIME
hour-long	TIME
hours	TIME
hundreds	CARDINAL
hundreds of thousands	CARDINAL
iPad	PRODUCT
iPhone	PRODUCT
iPod Touch	PRODUCT
its third winter	DATE
just 0.2%	PERCENT
just a few more days	DATE
just minutes	TIME
just over a month ago	DATE
just two minutes	TIME
just two weeks later	DATE
last	ORDINAL
last April	DATE
last August	DATE
last November	DATE
last month	DATE
last season	DATE
last season's	DATE
last summer	DATE
last week	DATE
last week's	DATE
last weekend	DATE
last year	DATE
last year's	DATE
last year’s	DATE
late	TIME
late 2022	DATE
late January 2023	DATE
late September	DATE
late September last year	DATE
late September to early October	DATE
late Wednesday	TIME
later	TIME
later on Friday	TIME
later this month	DATE
less than $30,000	MONEY
less than 1%	PERCENT
less than 12 months	DATE
less than 30%	PERCENT
less than a minute	TIME
less than a month	DATE
less than six months	DATE
lunchtime	TIME
many decades	DATE
many recent years	DATE
many years	DATE
mid-July	DATE
mid-October	DATE
mid-September	DATE
midnight	TIME
millions	CARDINAL
millions of tons	QUANTITY
month	DATE
monthly	DATE
more than £325,000	MONEY
more than 1 billion cubic meters	QUANTITY
more than 1,200	CARDINAL
more than 1,400	CARDINAL
more than 10	CARDINAL
more than 100	CARDINAL
more than 100,000	CARDINAL
more than 11,000	CARDINAL
more than 15,000	CARDINAL
more than 2,090	CARDINAL
more than 2,200	CARDINAL
more than 2,330	CARDINAL
more than 2,900	CARDINAL
more than 2.3 million	CARDINAL
more than 2.4 million	CARDINAL
more than 20	CARDINAL
more than 20 kilometers	QUANTITY
more than 20%	PERCENT
more than 20,000	CARDINAL
more than 200	CARDINAL
more than 200 million	CARDINAL
more than 200,000 tons	QUANTITY
more than 250	CARDINAL
more than 3,700 square meters	QUANTITY
more than 30	CARDINAL
more than 300	CARDINAL
more than 35,000	CARDINAL
more than 350	CARDINAL
more than 4,000	CARDINAL
more than 40	CARDINAL
more than 400	CARDINAL
more than 42,000	CARDINAL
more than 5,800 meters	QUANTITY
more than 50	CARDINAL
more than 500	CARDINAL
more than 60	CARDINAL
more than 600,000	CARDINAL
more than 7,000	CARDINAL
more than 8 million	CARDINAL
more than 800	CARDINAL
more than 850	CARDINAL
more than 87,000	CARDINAL
more than a decade	DATE
more than four years	DATE
more than half	CARDINAL
more than half a century	DATE
more than seven hours	TIME
more than three million	CARDINAL
more than two years	DATE
more than two years ago	DATE
morning	TIME
multi-year	DATE
nearly 300 square miles	QUANTITY
nearly 50	CARDINAL
nearly 800,000	CARDINAL
nearly a million	CARDINAL
next September's	DATE
next Thursday	DATE
next month	DATE
next spring	DATE
next summer	DATE
next week	DATE
next year	DATE
next year's	DATE
night	TIME
nighttime	TIME
nine	CARDINAL
nine-month	DATE
nine-try	CARDINAL
nines	CARDINAL
of Advanced Unmanned Technologies	ORG
one	CARDINAL
one half	CARDINAL
one-in-a-thousand-year	CARDINAL
only four	CARDINAL
only six	CARDINAL
over $47bn	MONEY
over 15,000	CARDINAL
over 2,200	CARDINAL
over 20	CARDINAL
over 250	CARDINAL
over 700 million	CARDINAL
over half	CARDINAL
over half a million	CARDINAL
over ten	CARDINAL
over-10-day	DATE
overnight	TIME
overnight  Wednesday	TIME
post-World War II	EVENT
previous year's	DATE
pro-Ukrainian	NORP
quarter	CARDINAL
recent decades	DATE
recent months	DATE
recent years	DATE
resolution 1701	LAW
roughly 11-year	DATE
roughly 2,090	CARDINAL
roughly 2,920	CARDINAL
roughly 3,370	CARDINAL
roughly 480	CARDINAL
roughly 50	CARDINAL
roughly 780	CARDINAL
roughly another 2 million	CARDINAL
season	DATE
second	ORDINAL
second-class	ORDINAL
seconds	TIME
seven	CARDINAL
seventh	ORDINAL
several billion cubic meters	QUANTITY
several hundred thousand tons	QUANTITY
six	CARDINAL
six 100	CARDINAL
six days	DATE
six hours	TIME
six months	DATE
six-game	CARDINAL
six-month	DATE
sixth	ORDINAL
some 3 hours	TIME
some 51%	PERCENT
some 80,000	CARDINAL
spring 2022	DATE
summer	DATE
ten	CARDINAL
ten months	DATE
ten-month-old	DATE
tens	CARDINAL
tens of thousands	CARDINAL
territories	LOC
that day	DATE
that year	DATE
the	GPE
the	LOC
the "Oort cloud	LOC
the 155th Combined Arms Brigade	ORG
the 155th brigade	ORG
the 155th marine brigade	ORG
the 1970s	DATE
the 55th minute	TIME
the ASEAN-Plus Three	ORG
the AV Club's	ORG
the African Continental Free Trade Area	LOC
the Agro Food Ltd	ORG
the Al-Aqsa Mosque	FAC
the App Store	ORG
the Association of Southeast Asian Nations	ORG
the Asteroid Terrestrial-impact Last Alert System	FAC
the Astrakhan Region	GPE
the Atlantic Ocean	LOC
the Aviation Industry Corporation of China	ORG
the BBC World Service	ORG
the BRICS New Development Bank	ORG
the BRICS Summit	EVENT
the Bab-el-Mandeb Strait	LOC
the Bank of Russia	ORG
the Bank of Sweden Prize in Economic Sciences in Memory of Alfred Nobel	WORK_OF_ART
the Battlegroup Center	FAC
the Battlegroup Dnepr	EVENT
the Battlegroup East	EVENT
the Battlegroup South	EVENT
the Battlegroup West	EVENT
the Belt and Road Initiative	ORG
the Bering Sea	LOC
the Bering Strait	LOC
the Black Ferns	ORG
the Black Sea	LOC
the Blue Book of China Aerospace Science and Technology Activities 2022	WORK_OF_ART
the Blue Line	FAC
the Boao Forum for Asia Annual Conference	EVENT
the Board of Governors	ORG
the Boyne Bridge	FAC
the British Army	ORG
the CPC Central Committee	ORG
the CSTO Targeted Interstate Program	ORG
the Cabinet Office	ORG
the Caloosahatchee River	LOC
the Catholic Church	ORG
the Center for Vaccine Research and Development	ORG
the Central Bank’s	ORG
the Central Military Commission	ORG
the Central Rongbuk Glacier	LOC
the Central Theater Command	ORG
the Centre for Defence Strategies	ORG
the China Coast Guard	ORG
the China International Development Cooperation Agency	ORG
the China Manned Space Agency	ORG
the China Military Online	ORG
the Chinese Embassy	ORG
the Chinese Foreign Ministry	ORG
the Chinese New Year	EVENT
the Chinese New Year of the Rabbit	EVENT
the Chinese New Year's Eve	EVENT
the Chinese People's Liberation Army	ORG
the Chinese People's Liberation Army Navy	ORG
the Chinese Spring Festival	EVENT
the Chukchi Sea	LOC
the Cold War	EVENT
the Colorado Springs Gazette	ORG
the Commandant's Cup Sailing Regatta 2023	EVENT
the Commonwealth of Independent States	GPE
the Commonwealth of Independent States	ORG
the Communist Party of China	ORG
the Communist Party of China (CPC) Central Committee	ORG
the Communist Party of China Central Committee	ORG
the Communist Party of the Russian Federation	ORG
the Conservative Party	ORG
the Consulate General of China	ORG
the Convention on the Conservation and Management of High Seas Fisheries Resources in the	LAW
the Cripple Creek Gold Camp	LOC
the Defense Ministry’s	ORG
the Democratic National Convention	EVENT
the Democratic Republic of the Congo	GPE
the Department for Environment Food and Rural Affairs	ORG
the Diaoyu Islands	LOC
the Directorate of Professional Standards	ORG
the Donetsk People’s Republic	GPE
the East Asia Summit	EVENT
the East Asia Summits	EVENT
the Eastern Economic Forum	EVENT
the Economic Cooperation Organization	ORG
the Elysee Palace	FAC
the Eurasian Economic Union	ORG
the European Convention on Human Rights	ORG
the European Court	ORG
the European Parliament	ORG
the European Union	ORG
the Exercise Tiger 2023	EVENT
the FSB Border Guard Service	ORG
the Falcon Commando Unit	ORG
the Far East	LOC
the Financial University	ORG
the Football Association	ORG
the Foreign Ministry	ORG
the Foreign, Commonwealth and Development Office	ORG
the Fukuchiyama Police Station	ORG
the Gaza Health Ministry	ORG
the Gaza Strip	GPE
the General Staff	ORG
the Geneva Convention	LAW
the Global East	LOC
the Global Magnitsky Justice Campaign	ORG
the Global South	LOC
the Government of Moscow	ORG
the Grappling Hook	WORK_OF_ART
the Group of Friends of the GDI	ORG
the Gulf of Aden	LOC
the Helsinki District Court	ORG
the Hiroshima Prefectural Confederation of A-bomb Sufferers Organizations	ORG
the Hollywood Reporter's	ORG
the House of Commons	ORG
the House of Councillors	ORG
the Independent Office for Police Conduct	ORG
the Indo-Pacific Quartet	ORG
the Institute for Fiscal Studies	ORG
the Institute of China and Contemporary Asia	ORG
the Institute of Directors	ORG
the Interconnection of Times and Civilizations - Basis of Peace and Development	EVENT
the International Atomic Energy Agency	ORG
the International Booker Prize	WORK_OF_ART
the International Campaign to Abolish Nuclear Weapons	ORG
the International Court of Justice	ORG
the International Dispute Resolution Centre	FAC
the International Forum	EVENT
the International Forum	ORG
the International Space Station	FAC
the Islamic Republic of Iran	GPE
the Islamic Revolutionary Guard Corps	ORG
the Israel Defense Forces	ORG
the Japanese Foreign Ministry	ORG
the Japanese Imperial Army	ORG
the Kharkov Region	GPE
the Korean Central News Agency	ORG
the Korean Peninsula	LOC
the Krasnoyarsk Region	GPE
the Krasnoyarsk Region's	GPE
the Kursk Region	GPE
the Kursk Region	LOC
the Labor Party	ORG
the Lantern Festival	EVENT
the Lebanese Army’s	ORG
the Lebanese Health Ministry	ORG
the Liberal Democratic Party of Russia	ORG
the Liberal Democratic Party of Yamaguchi	ORG
the London Film Festival	EVENT
the Lugansk People’s Republic	GPE
the Lunar New Year	EVENT
the Mainichi Shimbun	ORG
the Mainichi Shogakusei Shimbun	ORG
the Marshall Islands	GPE
the Mediterranean Sea	LOC
the Met Office	ORG
the Met Police	ORG
the Metropolitan Police	ORG
the Metropolitan Police Department	ORG
the Metropolitan Police Service	ORG
the Middle East	LOC
the Middle East's	LOC
the Ministry of Health	ORG
the Ministry of Veterans Affairs	ORG
the Minsk Agreement	LAW
the Mitchell Institute for Aerospace Studies	ORG
the Mollie Kathleen	FAC
the Mollie Kathleen Mine	FAC
the Moscow Exchange	ORG
the Moscow Exchange Group	ORG
the Nadezhda Metallurgical Plant	FAC
the National Bank of Kazakhstan	ORG
the National Centre for Reptile Welfare	ORG
the National Clearing Center	ORG
the National Committee of the Chinese People's Political Consultative Conference	ORG
the National Crime Agency	ORG
the National Cyber Security Centre	ORG
the National Strategy for Allergy	ORG
the National University of Rosario	ORG
the Naval and Maritime Academy of Sri Lanka	ORG
the New York Times	ORG
the Nobel Peace Prize	WORK_OF_ART
the Nobel Prize	WORK_OF_ART
the Norilsk Industrial District's'	LOC
the Norilsk Nickel Company	ORG
the North Korean Foreign Ministry	ORG
the North Sea	LOC
the Northern Lights	LOC
the Northern Lights	WORK_OF_ART
the Norwegian	ORG
the Norwegian Nobel Committee	ORG
the Office for National Statistics	ORG
the Office of Financial Sanctions Implementation	ORG
the Office of the Ukrainian President	ORG
the Old Bailey	ORG
the Operational Tactical Group ‘Luhansk’	ORG
the Organization of Islamic Cooperation	ORG
the Organization of Turkic States	ORG
the PLA Dalian Naval Academy	ORG
the PLA Djibouti Support Base	FAC
the PLA Southern Theater Command	ORG
the Pacific Four Series	EVENT
the Pacific Ocean	LOC
the Pakistan Navy	ORG
the Paris Agreement	LAW
the Party School of the CPC Central Committee	ORG
the Peace Prize	WORK_OF_ART
the People's Armed Police Force	ORG
the People's Liberation Army	ORG
the People's Republic of China	GPE
the People’s Republic of China	GPE
the Political Bureau	ORG
the Political Bureau of the CPC Central Committee	ORG
the Presidential Academy	ORG
the Presidential Election	EVENT
the Prison Reform Trust	ORG
the Purple Mountain Observatory	FAC
the Queen	PERSON
the Rand School	ORG
the Red Roses	ORG
the Red Sea	LOC
the Red Team	ORG
the Republic of Korea	GPE
the Republic of Namibia	GPE
the Republican National Convention	EVENT
the Republican Party's	ORG
the Royal Festival Hall	FAC
the Rubicon Center	FAC
the Rubicon Center of Advanced Unmanned Technologies	FAC
the Russian Academy of Sciences	ORG
the Russian Armed Forces	ORG
the Russian Armed Forces’	ORG
the Russian Defense Ministry	ORG
the Russian Defense Ministry’s	ORG
the Russian Embassy	ORG
the Russian Energy Ministry	ORG
the Russian Federation	GPE
the Russian Foreign Ministry	ORG
the Russian International Affairs Council	ORG
the Russian Investigative Committee	ORG
the Russian Ministry of Defence	ORG
the Russian Ministry of Finance	ORG
the Russian Navy's	ORG
the Russian Public Opinion Research Center	ORG
the Scottish Fire and Rescue Service	ORG
the Sea of Japan	LOC
the Sector East	ORG
the Sector Eastern	LOC
the Sector West	ORG
the Shanghai Cooperation Organization	ORG
the Shinsei Maru	PRODUCT
the Six Nations	EVENT
the Small Dining Room	FAC
the Snow Wolf Extreme Climbing Team	ORG
the South China Sea	LOC
the South Korean	NORP
the South Pacific	LOC
the Soviet Union	GPE
the Spring Festival	EVENT
the Springfield Road	FAC
the Sri Lankan Navy	ORG
the St. Petersburg International Gas Forum	EVENT
the Standing Committee of the Political Bureau	ORG
the State Council	ORG
the Study Group on China and Argentina	ORG
the Sulfur Program's	ORG
the T1 Holding	ORG
the T20 World Cup	EVENT
the Taiwan Island	LOC
the Taiwan Strait	LOC
the Taiwan Straits	LOC
the Tampa Bay Rays	ORG
the Temple Mount	LOC
the Treaty on the Non-Proliferation of Nuclear Weapons	LAW
the Tuberculosis Research Network	ORG
the UAE Navy	ORG
the UN Charter	LAW
the UN General Assembly	ORG
the UN Human Rights Council	ORG
the UN International Court of Justice	ORG
the UN Office	FAC
the UN Population Fund	ORG
the UN Security Council	ORG
the US Capitol	FAC
the US Central Intelligence Agency	ORG
the US Federal Emergency Management Agency	ORG
the US Treasury	ORG
the US Treasury Department	ORG
the Uefa Nations League	EVENT
the Union State	GPE
the United Arab Emirates	GPE
the United Kingdom	GPE
the United Nations	FAC
the United Nations	ORG
the United Nations Educational, Scientific and Cultural Organization	ORG
the United Nations Framework Convention on Climate Change	ORG
the United Nations Interim Force	ORG
the United Nations Interim Force in Lebanon	ORG
the United Nations International Children's Emergency Fund	ORG
the United Nations Mission in South Sudan	ORG
the United Nations Multidimensional Integrated Stabilization Mission in Mali	ORG
the United Nations Relief and Works Agency for Palestine Refugees in the Near East	ORG
the United Nations'	ORG
the United States	GPE
the University and College Union	ORG
the University of Birmingham	ORG
the University of Bristol	ORG
the University of Toronto	ORG
the Warner Bros Studios	FAC
the West Bank	GPE
the Western coalition	ORG
the White House	FAC
the World Bank	ORG
the World Cup	EVENT
the World Service	ORG
the Xisha Islands	LOC
the Yenisei River	LOC
the academic year	DATE
the afternoon	TIME
the age of 55	DATE
the age of 75	DATE
the beginning of the year	DATE
the coming days	DATE
the coming months	DATE
the coming years	DATE
the costliest month	DATE
the day	DATE
the day	TIME
the early hours	TIME
the early hours of October 1	TIME
the early morning hours	TIME
the end of 2024	DATE
the end of 2030	DATE
the end of last year	DATE
the end of that year	DATE
the end of the current year	DATE
the end of the noughties	DATE
the end of the year	DATE
the end of this year	DATE
the entire last year	DATE
the evening	TIME
the evening of	TIME
the evening of October 1	TIME
the few days from Oct. 16	DATE
the fifth day	DATE
the final day	DATE
the first half of 2023	DATE
the first half of 2024	DATE
the first half of the year	DATE
the first hour	TIME
the first moments	TIME
the fourth day	DATE
the last 24 hours	TIME
the last couple of years	DATE
the last day	DATE
the like period of 2023	DATE
the long years	DATE
the morning	TIME
the morning of February 9	TIME
the new era	DATE
the next few days	DATE
the next five years	DATE
the next four years	DATE
the next ten years	DATE
the next three years	DATE
the next year	DATE
the night	TIME
the ninth year	DATE
the opening minute	TIME
the past 24 hours	TIME
the past 30 years	DATE
the past day	DATE
the past decade	DATE
the past few days	DATE
the past few months	DATE
the past seven days	DATE
the past three years	DATE
the past two months	DATE
the past two years	DATE
the past year	DATE
the previous day	DATE
the previous three months	DATE
the recent years	DATE
the same day	DATE
the same year	DATE
the second half of the year	DATE
the start of October	DATE
the start of October 2024	DATE
the start of this week	DATE
the summer	DATE
the summer of 2023	DATE
the third minute	TIME
the third working day	DATE
the week	DATE
the weekend	DATE
the year	DATE
the years	DATE
their 90s	DATE
third	CARDINAL
third	ORDINAL
third-class	ORDINAL
this Sunday	DATE
this business year	DATE
this century	DATE
this decade	DATE
this morning	TIME
this night	TIME
this summer	DATE
this week	DATE
this year	DATE
thousands	CARDINAL
thousands of miles	QUANTITY
thousands of pounds	MONEY
three	CARDINAL
three	DATE
three days	DATE
three minutes	TIME
three months	DATE
three to four	CARDINAL
three years	DATE
three years old	DATE
three-day	DATE
three-day weekend	DATE
three-match	CARDINAL
three-men	CARDINAL
three-month	DATE
three-way	CARDINAL
today	DATE
tomorrow	DATE
tonight	TIME
two	CARDINAL
two and a half years	DATE
two hours	TIME
two minutes	TIME
two percentage points	PERCENT
two thirds	CARDINAL
two weeks	DATE
two weeks ago	DATE
two years	DATE
two years ago	DATE
two years later	DATE
two-day	DATE
two-storey	CARDINAL
two-year	DATE
under a month	DATE
up to 4 million rubles	MONEY
weekdays	DATE
weekly	DATE
winter	DATE
year	DATE
years	DATE
yesterday	DATE
your 20s	DATE
zero	CARDINAL
‘Steadfast Noon’	EVENT
